"800009","8","2017-01-20","1.743893","0.004733","2019-09-12 14:39:27","2019-09-12 14:39:27"
"800009","8","2017-01-21","1.743893","0.000000","2019-09-12 14:39:27","2019-09-12 14:39:27"
"800009","8","2017-01-22","1.743933","0.000023","2019-09-12 14:39:27","2019-09-12 14:39:27"
"800009","8","2017-01-23","1.747101","0.001817","2019-09-12 14:39:27","2019-09-12 14:39:27"
"800009","8","2017-01-24","1.749963","0.001638","2019-09-12 14:39:27","2019-09-12 14:39:27"
"800009","8","2017-01-25","1.755787","0.003328","2019-09-12 14:39:27","2019-09-12 14:39:27"
"800009","8","2017-01-26","1.763081","0.004154","2019-09-12 14:39:27","2019-09-12 14:39:27"
"800009","8","2017-01-27","1.763081","0.000000","2019-09-12 14:39:27","2019-09-12 14:39:27"
"800009","8","2017-01-28","1.763081","0.000000","2019-09-12 14:39:27","2019-09-12 14:39:27"
"800009","8","2017-01-29","1.763081","0.000000","2019-09-12 14:39:27","2019-09-12 14:39:27"
"800009","8","2017-01-30","1.763081","0.000000","2019-09-12 14:39:27","2019-09-12 14:39:27"
"800009","8","2017-01-31","1.763081","0.000000","2019-09-12 14:39:27","2019-09-12 14:39:27"
"800009","8","2017-02-01","1.763081","0.000000","2019-09-12 14:39:27","2019-09-12 14:39:27"
"800009","8","2017-02-02","1.763226","0.000083","2019-09-12 14:39:27","2019-09-12 14:39:27"
"800009","8","2017-02-03","1.751019","-0.006924","2019-09-12 14:39:27","2019-09-12 14:39:27"
"800009","8","2017-02-04","1.751019","0.000000","2019-09-12 14:39:27","2019-09-12 14:39:27"
"800009","8","2017-02-05","1.751060","0.000024","2019-09-12 14:39:27","2019-09-12 14:39:27"
"800009","8","2017-02-06","1.763830","0.007293","2019-09-12 14:39:27","2019-09-12 14:39:27"
"800009","8","2017-02-07","1.763566","-0.000150","2019-09-12 14:39:27","2019-09-12 14:39:27"
"800009","8","2017-02-08","1.776051","0.007079","2019-09-12 14:39:27","2019-09-12 14:39:27"
"800009","8","2017-02-09","1.786856","0.006084","2019-09-12 14:39:27","2019-09-12 14:39:27"
"800009","8","2017-02-10","1.794365","0.004202","2019-09-12 14:39:27","2019-09-12 14:39:27"
"800009","8","2017-02-11","1.794365","0.000000","2019-09-12 14:39:27","2019-09-12 14:39:27"
"800009","8","2017-02-12","1.794404","0.000022","2019-09-12 14:39:27","2019-09-12 14:39:27"
"800009","8","2017-02-13","1.805392","0.006123","2019-09-12 14:39:27","2019-09-12 14:39:27"
"800009","8","2017-02-14","1.804460","-0.000516","2019-09-12 14:39:27","2019-09-12 14:39:27"
"800009","8","2017-02-15","1.806594","0.001183","2019-09-12 14:39:27","2019-09-12 14:39:27"
"800009","8","2017-02-16","1.811028","0.002454","2019-09-12 14:39:27","2019-09-12 14:39:27"
"800009","8","2017-02-17","1.799494","-0.006369","2019-09-12 14:39:27","2019-09-12 14:39:27"
"800009","8","2017-02-18","1.799494","0.000000","2019-09-12 14:39:27","2019-09-12 14:39:27"
"800009","8","2017-02-19","1.799534","0.000023","2019-09-12 14:39:27","2019-09-12 14:39:27"
"800009","8","2017-02-20","1.816866","0.009631","2019-09-12 14:39:27","2019-09-12 14:39:27"
"800009","8","2017-02-21","1.823361","0.003575","2019-09-12 14:39:27","2019-09-12 14:39:27"
"800009","8","2017-02-22","1.833357","0.005482","2019-09-12 14:39:27","2019-09-12 14:39:27"
"800009","8","2017-02-23","1.828538","-0.002628","2019-09-12 14:39:27","2019-09-12 14:39:27"
"800009","8","2017-02-24","1.824895","-0.001993","2019-09-12 14:39:27","2019-09-12 14:39:27"
"800009","8","2017-02-25","1.824895","0.000000","2019-09-12 14:39:27","2019-09-12 14:39:27"
"800009","8","2017-02-26","1.824936","0.000023","2019-09-12 14:39:27","2019-09-12 14:39:27"
"800009","8","2017-02-27","1.817655","-0.003990","2019-09-12 14:39:27","2019-09-12 14:39:27"
"800009","8","2017-02-28","1.817061","-0.000327","2019-09-12 14:39:27","2019-09-12 14:39:27"
"800009","8","2017-03-01","1.821270","0.002317","2019-09-12 14:39:27","2019-09-12 14:39:27"
"800009","8","2017-03-02","1.813299","-0.004377","2019-09-12 14:39:27","2019-09-12 14:39:27"
"800009","8","2017-03-03","1.811441","-0.001025","2019-09-12 14:39:27","2019-09-12 14:39:27"
"800009","8","2017-03-04","1.811441","0.000000","2019-09-12 14:39:27","2019-09-12 14:39:27"
"800009","8","2017-03-05","1.811481","0.000022","2019-09-12 14:39:27","2019-09-12 14:39:27"
"800009","8","2017-03-06","1.817218","0.003167","2019-09-12 14:39:27","2019-09-12 14:39:27"
"800009","8","2017-03-07","1.820902","0.002027","2019-09-12 14:39:27","2019-09-12 14:39:27"
"800009","8","2017-03-08","1.818139","-0.001517","2019-09-12 14:39:27","2019-09-12 14:39:27"
"800009","8","2017-03-09","1.806794","-0.006240","2019-09-12 14:39:27","2019-09-12 14:39:27"
"800009","8","2017-03-10","1.806349","-0.000246","2019-09-12 14:39:27","2019-09-12 14:39:27"
"800009","8","2017-03-11","1.806349","0.000000","2019-09-12 14:39:27","2019-09-12 14:39:27"
"800009","8","2017-03-12","1.806388","0.000022","2019-09-12 14:39:27","2019-09-12 14:39:27"
"800009","8","2017-03-13","1.819339","0.007170","2019-09-12 14:39:27","2019-09-12 14:39:27"
"800009","8","2017-03-14","1.818301","-0.000571","2019-09-12 14:39:27","2019-09-12 14:39:27"
"800009","8","2017-03-15","1.820030","0.000951","2019-09-12 14:39:27","2019-09-12 14:39:27"
"800009","8","2017-03-16","1.834138","0.007752","2019-09-12 14:39:27","2019-09-12 14:39:27"
"800009","8","2017-03-17","1.827902","-0.003400","2019-09-12 14:39:27","2019-09-12 14:39:27"
"800009","8","2017-03-18","1.827902","0.000000","2019-09-12 14:39:27","2019-09-12 14:39:27"
"800009","8","2017-03-19","1.827940","0.000021","2019-09-12 14:39:27","2019-09-12 14:39:27"
"800009","8","2017-03-20","1.832578","0.002537","2019-09-12 14:39:27","2019-09-12 14:39:27"
"800009","8","2017-03-21","1.833925","0.000735","2019-09-12 14:39:27","2019-09-12 14:39:27"
"800009","8","2017-03-22","1.825931","-0.004359","2019-09-12 14:39:27","2019-09-12 14:39:27"
"800009","8","2017-03-23","1.827638","0.000935","2019-09-12 14:39:27","2019-09-12 14:39:27"
"800009","8","2017-03-24","1.830108","0.001352","2019-09-12 14:39:27","2019-09-12 14:39:27"
"800009","8","2017-03-25","1.830108","0.000000","2019-09-12 14:39:27","2019-09-12 14:39:27"
"800009","8","2017-03-26","1.830153","0.000025","2019-09-12 14:39:27","2019-09-12 14:39:27"
"800009","8","2017-03-27","1.822998","-0.003909","2019-09-12 14:39:27","2019-09-12 14:39:27"
"800009","8","2017-03-28","1.825381","0.001307","2019-09-12 14:39:27","2019-09-12 14:39:27"
"800009","8","2017-03-29","1.823136","-0.001230","2019-09-12 14:39:27","2019-09-12 14:39:27"
"800009","8","2017-03-30","1.809976","-0.007218","2019-09-12 14:39:27","2019-09-12 14:39:27"
"800009","8","2017-03-31","1.808562","-0.000781","2019-09-12 14:39:27","2019-09-12 14:39:27"
"800009","8","2017-04-01","1.808562","0.000000","2019-09-12 14:39:27","2019-09-12 14:39:27"
"800009","8","2017-04-02","1.808562","0.000000","2019-09-12 14:39:27","2019-09-12 14:39:27"
"800009","8","2017-04-03","1.808562","0.000000","2019-09-12 14:39:27","2019-09-12 14:39:27"
"800009","8","2017-04-04","1.808657","0.000053","2019-09-12 14:39:27","2019-09-12 14:39:27"
"800009","8","2017-04-05","1.824809","0.008930","2019-09-12 14:39:27","2019-09-12 14:39:27"
"800009","8","2017-04-06","1.825579","0.000422","2019-09-12 14:39:27","2019-09-12 14:39:27"
"800009","8","2017-04-07","1.829440","0.002115","2019-09-12 14:39:27","2019-09-12 14:39:27"
"800009","8","2017-04-08","1.829440","0.000000","2019-09-12 14:39:27","2019-09-12 14:39:27"
"800009","8","2017-04-09","1.829487","0.000025","2019-09-12 14:39:27","2019-09-12 14:39:27"
"800009","8","2017-04-10","1.823490","-0.003278","2019-09-12 14:39:27","2019-09-12 14:39:27"
"800009","8","2017-04-11","1.824074","0.000320","2019-09-12 14:39:27","2019-09-12 14:39:27"
"800009","8","2017-04-12","1.822380","-0.000929","2019-09-12 14:39:27","2019-09-12 14:39:27"
"800009","8","2017-04-13","1.823573","0.000655","2019-09-12 14:39:27","2019-09-12 14:39:27"
"800009","8","2017-04-14","1.817743","-0.003197","2019-09-12 14:39:27","2019-09-12 14:39:27"
"800009","8","2017-04-15","1.817743","0.000000","2019-09-12 14:39:27","2019-09-12 14:39:27"
"800009","8","2017-04-16","1.817890","0.000081","2019-09-12 14:39:27","2019-09-12 14:39:27"
"800009","8","2017-04-17","1.814825","-0.001686","2019-09-12 14:39:27","2019-09-12 14:39:27"
"800009","8","2017-04-18","1.808731","-0.003358","2019-09-12 14:39:27","2019-09-12 14:39:27"
"800009","8","2017-04-19","1.801051","-0.004246","2019-09-12 14:39:27","2019-09-12 14:39:27"
"800009","8","2017-04-20","1.803323","0.001261","2019-09-12 14:39:27","2019-09-12 14:39:27"
"800009","8","2017-04-21","1.803085","-0.000132","2019-09-12 14:39:27","2019-09-12 14:39:27"
"800009","8","2017-04-22","1.803085","0.000000","2019-09-12 14:39:27","2019-09-12 14:39:27"
"800009","8","2017-04-23","1.803255","0.000094","2019-09-12 14:39:27","2019-09-12 14:39:27"
"800009","8","2017-04-24","1.794893","-0.004637","2019-09-12 14:39:27","2019-09-12 14:39:27"
"800009","8","2017-04-25","1.799805","0.002737","2019-09-12 14:39:27","2019-09-12 14:39:27"
"800009","8","2017-04-26","1.800498","0.000385","2019-09-12 14:39:27","2019-09-12 14:39:27"
"800009","8","2017-04-27","1.798142","-0.001308","2019-09-12 14:39:27","2019-09-12 14:39:27"
"800009","8","2017-04-28","1.796948","-0.000664","2019-09-12 14:39:27","2019-09-12 14:39:27"
"800009","8","2017-04-29","1.796948","0.000000","2019-09-12 14:39:27","2019-09-12 14:39:27"
"800009","8","2017-04-30","1.796948","0.000000","2019-09-12 14:39:27","2019-09-12 14:39:27"
"800009","8","2017-05-01","1.797203","0.000142","2019-09-12 14:39:27","2019-09-12 14:39:27"
"800009","8","2017-05-02","1.796002","-0.000668","2019-09-12 14:39:27","2019-09-12 14:39:27"
"800009","8","2017-05-03","1.793937","-0.001149","2019-09-12 14:39:27","2019-09-12 14:39:27"
"800009","8","2017-05-04","1.790605","-0.001857","2019-09-12 14:39:27","2019-09-12 14:39:27"
"800009","8","2017-05-05","1.786835","-0.002106","2019-09-12 14:39:27","2019-09-12 14:39:27"
"800009","8","2017-05-06","1.786835","0.000000","2019-09-12 14:39:27","2019-09-12 14:39:27"
"800009","8","2017-05-07","1.787005","0.000095","2019-09-12 14:39:27","2019-09-12 14:39:27"
"800009","8","2017-05-08","1.784843","-0.001210","2019-09-12 14:39:27","2019-09-12 14:39:27"
"800009","8","2017-05-09","1.787594","0.001541","2019-09-12 14:39:27","2019-09-12 14:39:27"
"800009","8","2017-05-10","1.785675","-0.001073","2019-09-12 14:39:27","2019-09-12 14:39:27"
"800009","8","2017-05-11","1.786591","0.000513","2019-09-12 14:39:27","2019-09-12 14:39:27"
"800009","8","2017-05-12","1.788892","0.001288","2019-09-12 14:39:27","2019-09-12 14:39:27"
"800009","8","2017-05-13","1.788892","0.000000","2019-09-12 14:39:27","2019-09-12 14:39:27"
"800009","8","2017-05-14","1.789057","0.000092","2019-09-12 14:39:27","2019-09-12 14:39:27"
"800009","8","2017-05-15","1.793770","0.002634","2019-09-12 14:39:27","2019-09-12 14:39:27"
"800009","8","2017-05-16","1.798637","0.002713","2019-09-12 14:39:27","2019-09-12 14:39:27"
"800009","8","2017-05-17","1.791161","-0.004156","2019-09-12 14:39:27","2019-09-12 14:39:27"
"800009","8","2017-05-18","1.791384","0.000125","2019-09-12 14:39:27","2019-09-12 14:39:27"
"800009","8","2017-05-19","1.794296","0.001625","2019-09-12 14:39:27","2019-09-12 14:39:27"
"800009","8","2017-05-20","1.794296","0.000000","2019-09-12 14:39:27","2019-09-12 14:39:27"
"800009","8","2017-05-21","1.794452","0.000087","2019-09-12 14:39:27","2019-09-12 14:39:27"
"800009","8","2017-05-22","1.796111","0.000924","2019-09-12 14:39:27","2019-09-12 14:39:27"
"800009","8","2017-05-23","1.796140","0.000016","2019-09-12 14:39:27","2019-09-12 14:39:27"
"800009","8","2017-05-24","1.796416","0.000154","2019-09-12 14:39:27","2019-09-12 14:39:27"
"800009","8","2017-05-25","1.806535","0.005633","2019-09-12 14:39:27","2019-09-12 14:39:27"
"800009","8","2017-05-26","1.807111","0.000319","2019-09-12 14:39:27","2019-09-12 14:39:27"
"800009","8","2017-05-27","1.807111","0.000000","2019-09-12 14:39:27","2019-09-12 14:39:27"
"800009","8","2017-05-28","1.807111","0.000000","2019-09-12 14:39:27","2019-09-12 14:39:27"
"800009","8","2017-05-29","1.807111","0.000000","2019-09-12 14:39:27","2019-09-12 14:39:27"
"800009","8","2017-05-30","1.807442","0.000184","2019-09-12 14:39:27","2019-09-12 14:39:27"
"800009","8","2017-05-31","1.807394","-0.000027","2019-09-12 14:39:27","2019-09-12 14:39:27"
"800009","8","2017-06-01","1.805373","-0.001118","2019-09-12 14:39:27","2019-09-12 14:39:27"
"800009","8","2017-06-02","1.806745","0.000760","2019-09-12 14:39:27","2019-09-12 14:39:27"
"800009","8","2017-06-03","1.806745","0.000000","2019-09-12 14:39:27","2019-09-12 14:39:27"
"800009","8","2017-06-04","1.806913","0.000093","2019-09-12 14:39:27","2019-09-12 14:39:27"
"800009","8","2017-06-05","1.806530","-0.000212","2019-09-12 14:39:27","2019-09-12 14:39:27"
"800009","8","2017-06-06","1.809198","0.001477","2019-09-12 14:39:27","2019-09-12 14:39:27"
"800009","8","2017-06-07","1.815406","0.003431","2019-09-12 14:39:27","2019-09-12 14:39:27"
"800009","8","2017-06-08","1.819326","0.002159","2019-09-12 14:39:27","2019-09-12 14:39:27"
"800009","8","2017-06-09","1.816810","-0.001383","2019-09-12 14:39:27","2019-09-12 14:39:27"
"800009","8","2017-06-10","1.816810","0.000000","2019-09-12 14:39:27","2019-09-12 14:39:27"
"800009","8","2017-06-11","1.816976","0.000091","2019-09-12 14:39:27","2019-09-12 14:39:27"
"800009","8","2017-06-12","1.814266","-0.001491","2019-09-12 14:39:27","2019-09-12 14:39:27"
"800009","8","2017-06-13","1.818178","0.002156","2019-09-12 14:39:27","2019-09-12 14:39:27"
"800009","8","2017-06-14","1.813789","-0.002414","2019-09-12 14:39:27","2019-09-12 14:39:27"
"800009","8","2017-06-15","1.809563","-0.002330","2019-09-12 14:39:27","2019-09-12 14:39:27"
"800009","8","2017-06-16","1.809515","-0.000026","2019-09-12 14:39:27","2019-09-12 14:39:27"
"800009","8","2017-06-17","1.809515","0.000000","2019-09-12 14:39:27","2019-09-12 14:39:27"
"800009","8","2017-06-18","1.809699","0.000101","2019-09-12 14:39:27","2019-09-12 14:39:27"
"800009","8","2017-06-19","1.817473","0.004296","2019-09-12 14:39:27","2019-09-12 14:39:27"
"800009","8","2017-06-20","1.815090","-0.001311","2019-09-12 14:39:27","2019-09-12 14:39:27"
"800009","8","2017-06-21","1.819568","0.002467","2019-09-12 14:39:27","2019-09-12 14:39:27"
"800009","8","2017-06-22","1.820230","0.000364","2019-09-12 14:39:27","2019-09-12 14:39:27"
"800009","8","2017-06-23","1.824670","0.002440","2019-09-12 14:39:27","2019-09-12 14:39:27"
"800009","8","2017-06-24","1.824670","0.000000","2019-09-12 14:39:27","2019-09-12 14:39:27"
"800009","8","2017-06-25","1.824850","0.000099","2019-09-12 14:39:27","2019-09-12 14:39:27"
"800009","8","2017-06-26","1.830664","0.003186","2019-09-12 14:39:27","2019-09-12 14:39:27"
"800009","8","2017-06-27","1.824637","-0.003292","2019-09-12 14:39:27","2019-09-12 14:39:27"
"800009","8","2017-06-28","1.820680","-0.002169","2019-09-12 14:39:27","2019-09-12 14:39:27"
"800009","8","2017-06-29","1.819650","-0.000565","2019-09-12 14:39:27","2019-09-12 14:39:27"
"800009","8","2017-06-30","1.812777","-0.003777","2019-09-12 14:39:27","2019-09-12 14:39:27"
"800009","8","2017-07-01","1.812777","0.000000","2019-09-12 14:39:27","2019-09-12 14:39:27"
"800009","8","2017-07-02","1.812801","0.000014","2019-09-12 14:39:27","2019-09-12 14:39:27"
"800009","8","2017-07-03","1.812776","-0.000014","2019-09-12 14:39:27","2019-09-12 14:39:27"
"800009","8","2017-07-04","1.804258","-0.004699","2019-09-12 14:39:27","2019-09-12 14:39:27"
"800009","8","2017-07-05","1.813411","0.005073","2019-09-12 14:39:27","2019-09-12 14:39:27"
"800009","8","2017-07-06","1.810752","-0.001466","2019-09-12 14:39:27","2019-09-12 14:39:27"
"800009","8","2017-07-07","1.811897","0.000632","2019-09-12 14:39:27","2019-09-12 14:39:27"
"800009","8","2017-07-08","1.811897","0.000000","2019-09-12 14:39:27","2019-09-12 14:39:27"
"800009","8","2017-07-09","1.811920","0.000012","2019-09-12 14:39:27","2019-09-12 14:39:27"
"800009","8","2017-07-10","1.811187","-0.000404","2019-09-12 14:39:27","2019-09-12 14:39:27"
"800009","8","2017-07-11","1.821252","0.005557","2019-09-12 14:39:27","2019-09-12 14:39:27"
"800009","8","2017-07-12","1.827958","0.003682","2019-09-12 14:39:27","2019-09-12 14:39:27"
"800009","8","2017-07-13","1.837105","0.005004","2019-09-12 14:39:27","2019-09-12 14:39:27"
"800009","8","2017-07-14","1.841024","0.002133","2019-09-12 14:39:27","2019-09-12 14:39:27"
"800009","8","2017-07-15","1.841024","0.000000","2019-09-12 14:39:27","2019-09-12 14:39:27"
"800009","8","2017-07-16","1.841047","0.000012","2019-09-12 14:39:27","2019-09-12 14:39:27"
"800009","8","2017-07-17","1.838319","-0.001482","2019-09-12 14:39:27","2019-09-12 14:39:27"
"800009","8","2017-07-18","1.842207","0.002115","2019-09-12 14:39:27","2019-09-12 14:39:27"
"800009","8","2017-07-19","1.852550","0.005614","2019-09-12 14:39:27","2019-09-12 14:39:27"
"800009","8","2017-07-20","1.854682","0.001151","2019-09-12 14:39:27","2019-09-12 14:39:27"
"800009","8","2017-07-21","1.853838","-0.000455","2019-09-12 14:39:27","2019-09-12 14:39:27"
"800009","8","2017-07-22","1.853838","0.000000","2019-09-12 14:39:27","2019-09-12 14:39:27"
"800009","8","2017-07-23","1.853861","0.000013","2019-09-12 14:39:27","2019-09-12 14:39:27"
"800009","8","2017-07-24","1.858922","0.002730","2019-09-12 14:39:27","2019-09-12 14:39:27"
"800009","8","2017-07-25","1.858230","-0.000372","2019-09-12 14:39:27","2019-09-12 14:39:27"
"800009","8","2017-07-26","1.858448","0.000117","2019-09-12 14:39:27","2019-09-12 14:39:27"
"800009","8","2017-07-27","1.858650","0.000109","2019-09-12 14:39:27","2019-09-12 14:39:27"
"800009","8","2017-07-28","1.856625","-0.001089","2019-09-12 14:39:27","2019-09-12 14:39:27"
"800009","8","2017-07-29","1.856625","0.000000","2019-09-12 14:39:27","2019-09-12 14:39:27"
"800009","8","2017-07-30","1.856649","0.000013","2019-09-12 14:39:27","2019-09-12 14:39:27"
"800009","8","2017-07-31","1.861864","0.002809","2019-09-12 14:39:27","2019-09-12 14:39:27"
"800009","8","2017-08-01","1.869121","0.003898","2019-09-12 14:39:27","2019-09-12 14:39:27"
"800009","8","2017-08-02","1.869335","0.000115","2019-09-12 14:39:27","2019-09-12 14:39:27"
"800009","8","2017-08-03","1.862593","-0.003607","2019-09-12 14:39:27","2019-09-12 14:39:27"
"800009","8","2017-08-04","1.862540","-0.000028","2019-09-12 14:39:27","2019-09-12 14:39:27"
"800009","8","2017-08-05","1.862540","0.000000","2019-09-12 14:39:27","2019-09-12 14:39:27"
"800009","8","2017-08-06","1.862564","0.000013","2019-09-12 14:39:27","2019-09-12 14:39:27"
"800009","8","2017-08-07","1.868136","0.002992","2019-09-12 14:39:27","2019-09-12 14:39:27"
"800009","8","2017-08-08","1.868274","0.000074","2019-09-12 14:39:27","2019-09-12 14:39:27"
"800009","8","2017-08-09","1.864304","-0.002125","2019-09-12 14:39:27","2019-09-12 14:39:27"
"800009","8","2017-08-10","1.846177","-0.009723","2019-09-12 14:39:27","2019-09-12 14:39:27"
"800009","8","2017-08-11","1.831324","-0.008045","2019-09-12 14:39:27","2019-09-12 14:39:27"
"800009","8","2017-08-12","1.831324","0.000000","2019-09-12 14:39:27","2019-09-12 14:39:27"
"800009","8","2017-08-13","1.831346","0.000012","2019-09-12 14:39:27","2019-09-12 14:39:27"
"800009","8","2017-08-14","1.844969","0.007438","2019-09-12 14:39:27","2019-09-12 14:39:27"
"800009","8","2017-08-15","1.845098","0.000070","2019-09-12 14:39:27","2019-09-12 14:39:27"
"800009","8","2017-08-16","1.849744","0.002518","2019-09-12 14:39:27","2019-09-12 14:39:27"
"800009","8","2017-08-17","1.845252","-0.002429","2019-09-12 14:39:27","2019-09-12 14:39:27"
"800009","8","2017-08-18","1.843390","-0.001009","2019-09-12 14:39:27","2019-09-12 14:39:27"
"800009","8","2017-08-19","1.843390","0.000000","2019-09-12 14:39:27","2019-09-12 14:39:27"
"800009","8","2017-08-20","1.843413","0.000013","2019-09-12 14:39:27","2019-09-12 14:39:27"
"800009","8","2017-08-21","1.845823","0.001307","2019-09-12 14:39:27","2019-09-12 14:39:27"
"800009","8","2017-08-22","1.854566","0.004737","2019-09-12 14:39:27","2019-09-12 14:39:27"
"800009","8","2017-08-23","1.853704","-0.000465","2019-09-12 14:39:27","2019-09-12 14:39:27"
"800009","8","2017-08-24","1.852310","-0.000752","2019-09-12 14:39:27","2019-09-12 14:39:27"
"800009","8","2017-08-25","1.865773","0.007269","2019-09-12 14:39:27","2019-09-12 14:39:27"
"800009","8","2017-08-26","1.865773","0.000000","2019-09-12 14:39:27","2019-09-12 14:39:27"
"800009","8","2017-08-27","1.865797","0.000013","2019-09-12 14:39:27","2019-09-12 14:39:27"
"800009","8","2017-08-28","1.868636","0.001522","2019-09-12 14:39:27","2019-09-12 14:39:27"
"800009","8","2017-08-29","1.869968","0.000713","2019-09-12 14:39:27","2019-09-12 14:39:27"
"800009","8","2017-08-30","1.872557","0.001384","2019-09-12 14:39:27","2019-09-12 14:39:27"
"800009","8","2017-08-31","1.871415","-0.000610","2019-09-12 14:39:27","2019-09-12 14:39:27"
"800009","8","2017-09-01","1.872905","0.000796","2019-09-12 14:39:27","2019-09-12 14:39:27"
"800009","8","2017-09-02","1.872905","0.000000","2019-09-12 14:39:27","2019-09-12 14:39:27"
"800009","8","2017-09-03","1.872929","0.000013","2019-09-12 14:39:27","2019-09-12 14:39:27"
"800009","8","2017-09-04","1.870261","-0.001425","2019-09-12 14:39:27","2019-09-12 14:39:27"
"800009","8","2017-09-05","1.862910","-0.003930","2019-09-12 14:39:27","2019-09-12 14:39:27"
"800009","8","2017-09-06","1.862178","-0.000393","2019-09-12 14:39:27","2019-09-12 14:39:27"
"800009","8","2017-09-07","1.857873","-0.002312","2019-09-12 14:39:27","2019-09-12 14:39:27"
"800009","8","2017-09-08","1.857280","-0.000319","2019-09-12 14:39:27","2019-09-12 14:39:27"
"800009","8","2017-09-09","1.857280","0.000000","2019-09-12 14:39:27","2019-09-12 14:39:27"
"800009","8","2017-09-10","1.857303","0.000013","2019-09-12 14:39:27","2019-09-12 14:39:27"
"800009","8","2017-09-11","1.861580","0.002303","2019-09-12 14:39:27","2019-09-12 14:39:27"
"800009","8","2017-09-12","1.862393","0.000437","2019-09-12 14:39:27","2019-09-12 14:39:27"
"800009","8","2017-09-13","1.864303","0.001026","2019-09-12 14:39:27","2019-09-12 14:39:27"
"800009","8","2017-09-14","1.860677","-0.001945","2019-09-12 14:39:27","2019-09-12 14:39:27"
"800009","8","2017-09-15","1.859378","-0.000698","2019-09-12 14:39:27","2019-09-12 14:39:27"
"800009","8","2017-09-16","1.859378","0.000000","2019-09-12 14:39:27","2019-09-12 14:39:27"
"800009","8","2017-09-17","1.859378","0.000000","2019-09-12 14:39:27","2019-09-12 14:39:27"
"800009","8","2017-09-18","1.864006","0.002489","2019-09-12 14:39:27","2019-09-12 14:39:27"
"800009","8","2017-09-19","1.862126","-0.001009","2019-09-12 14:39:27","2019-09-12 14:39:27"
"800009","8","2017-09-20","1.867883","0.003091","2019-09-12 14:39:27","2019-09-12 14:39:27"
"800009","8","2017-09-21","1.866738","-0.000613","2019-09-12 14:39:27","2019-09-12 14:39:27"
"800009","8","2017-09-22","1.864915","-0.000977","2019-09-12 14:39:27","2019-09-12 14:39:27"
"800009","8","2017-09-23","1.864915","0.000000","2019-09-12 14:39:27","2019-09-12 14:39:27"
"800009","8","2017-09-24","1.864915","0.000000","2019-09-12 14:39:27","2019-09-12 14:39:27"
"800009","8","2017-09-25","1.854639","-0.005510","2019-09-12 14:39:27","2019-09-12 14:39:27"
"800009","8","2017-09-26","1.859323","0.002525","2019-09-12 14:39:27","2019-09-12 14:39:27"
"800009","8","2017-09-27","1.862498","0.001708","2019-09-12 14:39:27","2019-09-12 14:39:27"
"800009","8","2017-09-28","1.857257","-0.002814","2019-09-12 14:39:27","2019-09-12 14:39:27"
"800009","8","2017-09-29","1.864150","0.003712","2019-09-12 14:39:27","2019-09-12 14:39:27"
"800009","8","2017-09-30","1.864150","0.000000","2019-09-12 14:39:27","2019-09-12 14:39:27"
"800009","8","2017-10-01","1.864150","0.000000","2019-09-12 14:39:27","2019-09-12 14:39:27"
"800009","8","2017-10-02","1.864150","0.000000","2019-09-12 14:39:27","2019-09-12 14:39:27"
"800009","8","2017-10-03","1.864150","0.000000","2019-09-12 14:39:27","2019-09-12 14:39:27"
"800009","8","2017-10-04","1.864150","0.000000","2019-09-12 14:39:27","2019-09-12 14:39:27"
"800009","8","2017-10-05","1.864150","0.000000","2019-09-12 14:39:27","2019-09-12 14:39:27"
"800009","8","2017-10-06","1.864150","0.000000","2019-09-12 14:39:27","2019-09-12 14:39:27"
"800009","8","2017-10-07","1.864150","0.000000","2019-09-12 14:39:27","2019-09-12 14:39:27"
"800009","8","2017-10-08","1.864150","0.000000","2019-09-12 14:39:27","2019-09-12 14:39:27"
"800009","8","2017-10-09","1.886820","0.012161","2019-09-12 14:39:27","2019-09-12 14:39:27"
"800009","8","2017-10-10","1.887659","0.000444","2019-09-12 14:39:27","2019-09-12 14:39:27"
"800009","8","2017-10-11","1.884992","-0.001413","2019-09-12 14:39:27","2019-09-12 14:39:27"
"800009","8","2017-10-12","1.888723","0.001980","2019-09-12 14:39:27","2019-09-12 14:39:27"
"800009","8","2017-10-13","1.890750","0.001073","2019-09-12 14:39:27","2019-09-12 14:39:27"
"800009","8","2017-10-14","1.890750","0.000000","2019-09-12 14:39:27","2019-09-12 14:39:27"
"800009","8","2017-10-15","1.890750","0.000000","2019-09-12 14:39:27","2019-09-12 14:39:27"
"800009","8","2017-10-16","1.892260","0.000799","2019-09-12 14:39:27","2019-09-12 14:39:27"
"800009","8","2017-10-17","1.890863","-0.000738","2019-09-12 14:39:27","2019-09-12 14:39:27"
"800009","8","2017-10-18","1.897327","0.003419","2019-09-12 14:39:27","2019-09-12 14:39:27"
"800009","8","2017-10-19","1.890635","-0.003527","2019-09-12 14:39:27","2019-09-12 14:39:27"
"800009","8","2017-10-20","1.896988","0.003360","2019-09-12 14:39:27","2019-09-12 14:39:27"
"800009","8","2017-10-21","1.896988","0.000000","2019-09-12 14:39:27","2019-09-12 14:39:27"
"800009","8","2017-10-22","1.896988","0.000000","2019-09-12 14:39:27","2019-09-12 14:39:27"
"800009","8","2017-10-23","1.896613","-0.000198","2019-09-12 14:39:27","2019-09-12 14:39:27"
"800009","8","2017-10-24","1.901273","0.002457","2019-09-12 14:39:27","2019-09-12 14:39:27"
"800009","8","2017-10-25","1.905734","0.002346","2019-09-12 14:39:27","2019-09-12 14:39:27"
"800009","8","2017-10-26","1.906475","0.000389","2019-09-12 14:39:27","2019-09-12 14:39:27"
"800009","8","2017-10-27","1.916855","0.005445","2019-09-12 14:39:27","2019-09-12 14:39:27"
"800009","8","2017-10-28","1.916855","0.000000","2019-09-12 14:39:27","2019-09-12 14:39:27"
"800009","8","2017-10-29","1.916855","0.000000","2019-09-12 14:39:27","2019-09-12 14:39:27"
"800009","8","2017-10-30","1.912719","-0.002158","2019-09-12 14:39:27","2019-09-12 14:39:27"
"800009","8","2017-10-31","1.911651","-0.000558","2019-09-12 14:39:27","2019-09-12 14:39:27"
"800009","8","2017-11-01","1.912453","0.000420","2019-09-12 14:39:27","2019-09-12 14:39:27"
"800009","8","2017-11-02","1.908994","-0.001809","2019-09-12 14:39:27","2019-09-12 14:39:27"
"800009","8","2017-11-03","1.906938","-0.001077","2019-09-12 14:39:27","2019-09-12 14:39:27"
"800009","8","2017-11-04","1.906938","0.000000","2019-09-12 14:39:27","2019-09-12 14:39:27"
"800009","8","2017-11-05","1.906938","0.000000","2019-09-12 14:39:27","2019-09-12 14:39:27"
"800009","8","2017-11-06","1.912080","0.002696","2019-09-12 14:39:27","2019-09-12 14:39:27"
"800009","8","2017-11-07","1.922791","0.005602","2019-09-12 14:39:27","2019-09-12 14:39:27"
"800009","8","2017-11-08","1.922791","0.000000","2019-09-12 14:39:27","2019-09-12 14:39:27"
"800009","8","2017-11-09","1.931699","0.004633","2019-09-12 14:39:27","2019-09-12 14:39:27"
"800009","8","2017-11-10","1.935661","0.002051","2019-09-12 14:39:27","2019-09-12 14:39:27"
"800009","8","2017-11-11","1.935661","0.000000","2019-09-12 14:39:27","2019-09-12 14:39:27"
"800009","8","2017-11-12","1.935661","0.000000","2019-09-12 14:39:27","2019-09-12 14:39:27"
"800009","8","2017-11-13","1.938356","0.001392","2019-09-12 14:39:27","2019-09-12 14:39:27"
"800009","8","2017-11-14","1.933458","-0.002527","2019-09-12 14:39:27","2019-09-12 14:39:27"
"800009","8","2017-11-15","1.921672","-0.006096","2019-09-12 14:39:27","2019-09-12 14:39:27"
"800009","8","2017-11-16","1.930172","0.004424","2019-09-12 14:39:27","2019-09-12 14:39:27"
"800009","8","2017-11-17","1.935055","0.002530","2019-09-12 14:39:27","2019-09-12 14:39:27"
"800009","8","2017-11-18","1.935055","0.000000","2019-09-12 14:39:27","2019-09-12 14:39:27"
"800009","8","2017-11-19","1.935055","0.000000","2019-09-12 14:39:27","2019-09-12 14:39:27"
"800009","8","2017-11-20","1.939273","0.002179","2019-09-12 14:39:27","2019-09-12 14:39:27"
"800009","8","2017-11-21","1.962537","0.011997","2019-09-12 14:39:27","2019-09-12 14:39:27"
"800009","8","2017-11-22","1.967030","0.002290","2019-09-12 14:39:27","2019-09-12 14:39:27"
"800009","8","2017-11-23","1.940182","-0.013649","2019-09-12 14:39:27","2019-09-12 14:39:27"
"800009","8","2017-11-24","1.942051","0.000963","2019-09-12 14:39:27","2019-09-12 14:39:27"
"800009","8","2017-11-25","1.942051","0.000000","2019-09-12 14:39:27","2019-09-12 14:39:27"
"800009","8","2017-11-26","1.942051","0.000000","2019-09-12 14:39:27","2019-09-12 14:39:27"
"800009","8","2017-11-27","1.929802","-0.006307","2019-09-12 14:39:27","2019-09-12 14:39:27"
"800009","8","2017-11-28","1.933725","0.002033","2019-09-12 14:39:27","2019-09-12 14:39:27"
"800009","8","2017-11-29","1.934753","0.000531","2019-09-12 14:39:27","2019-09-12 14:39:27"
"800009","8","2017-11-30","1.918479","-0.008411","2019-09-12 14:39:27","2019-09-12 14:39:27"
"800009","8","2017-12-01","1.914063","-0.002302","2019-09-12 14:39:27","2019-09-12 14:39:27"
"800009","8","2017-12-02","1.914063","0.000000","2019-09-12 14:39:27","2019-09-12 14:39:27"
"800009","8","2017-12-03","1.914063","0.000000","2019-09-12 14:39:27","2019-09-12 14:39:27"
"800009","8","2017-12-04","1.919366","0.002771","2019-09-12 14:39:27","2019-09-12 14:39:27"
"800009","8","2017-12-05","1.913876","-0.002860","2019-09-12 14:39:27","2019-09-12 14:39:27"
"800009","8","2017-12-06","1.892619","-0.011107","2019-09-12 14:39:27","2019-09-12 14:39:27"
"800009","8","2017-12-07","1.888639","-0.002103","2019-09-12 14:39:27","2019-09-12 14:39:27"
"800009","8","2017-12-08","1.903750","0.008001","2019-09-12 14:39:27","2019-09-12 14:39:27"
"800009","8","2017-12-09","1.903750","0.000000","2019-09-12 14:39:27","2019-09-12 14:39:27"
"800009","8","2017-12-10","1.903750","0.000000","2019-09-12 14:39:27","2019-09-12 14:39:27"
"800009","8","2017-12-11","1.920809","0.008960","2019-09-12 14:39:27","2019-09-12 14:39:27"
"800009","8","2017-12-12","1.908284","-0.006521","2019-09-12 14:39:27","2019-09-12 14:39:27"
"800009","8","2017-12-13","1.922625","0.007515","2019-09-12 14:39:27","2019-09-12 14:39:27"
"800009","8","2017-12-14","1.916651","-0.003107","2019-09-12 14:39:27","2019-09-12 14:39:27"
"800009","8","2017-12-15","1.904758","-0.006205","2019-09-12 14:39:27","2019-09-12 14:39:27"
"800009","8","2017-12-16","1.904758","0.000000","2019-09-12 14:39:27","2019-09-12 14:39:27"
"800009","8","2017-12-17","1.904758","0.000000","2019-09-12 14:39:27","2019-09-12 14:39:27"
"800009","8","2017-12-18","1.911736","0.003664","2019-09-12 14:39:27","2019-09-12 14:39:27"
"800009","8","2017-12-19","1.924327","0.006586","2019-09-12 14:39:27","2019-09-12 14:39:27"
"800009","8","2017-12-20","1.922537","-0.000930","2019-09-12 14:39:27","2019-09-12 14:39:27"
"800009","8","2017-12-21","1.926997","0.002320","2019-09-12 14:39:27","2019-09-12 14:39:27"
"800009","8","2017-12-22","1.932293","0.002748","2019-09-12 14:39:27","2019-09-12 14:39:27"
"800009","8","2017-12-23","1.932293","0.000000","2019-09-12 14:39:27","2019-09-12 14:39:27"
"800009","8","2017-12-24","1.932293","0.000000","2019-09-12 14:39:27","2019-09-12 14:39:27"
"800009","8","2017-12-25","1.930839","-0.000752","2019-09-12 14:39:27","2019-09-12 14:39:27"
"800009","8","2017-12-26","1.930209","-0.000326","2019-09-12 14:39:27","2019-09-12 14:39:27"
"800009","8","2017-12-27","1.921179","-0.004678","2019-09-12 14:39:27","2019-09-12 14:39:27"
"800009","8","2017-12-28","1.932052","0.005659","2019-09-12 14:39:27","2019-09-12 14:39:27"
"800009","8","2017-12-29","1.933898","0.000956","2019-09-12 14:39:27","2019-09-12 14:39:27"
"800009","8","2017-12-30","1.933898","0.000000","2019-09-12 14:39:27","2019-09-12 14:39:27"
"800009","8","2017-12-31","1.933746","-0.000079","2019-09-12 14:39:27","2019-09-12 14:39:27"
"800009","8","2018-01-01","1.933746","0.000000","2019-09-12 14:39:27","2019-09-12 14:39:27"
"800009","8","2018-01-02","1.956111","0.011565","2019-09-13 08:36:18","2019-09-13 08:36:18"
"800009","8","2018-01-03","1.961343","0.002675","2019-09-13 08:36:18","2019-09-13 08:36:18"
"800009","8","2018-01-04","1.970309","0.004571","2019-09-13 08:36:18","2019-09-13 08:36:18"
"800009","8","2018-01-05","1.973799","0.001771","2019-09-13 08:36:18","2019-09-13 08:36:18"
"800009","8","2018-01-06","1.973799","0.000000","2019-09-12 14:39:27","2019-09-12 14:39:27"
"800009","8","2018-01-07","1.973799","0.000000","2019-09-12 14:39:27","2019-09-12 14:39:27"
"800009","8","2018-01-08","1.980304","0.003295","2019-09-12 14:39:27","2019-09-12 14:39:27"
"800009","8","2018-01-09","1.985917","0.002834","2019-09-12 14:39:27","2019-09-12 14:39:27"
"800009","8","2018-01-10","1.993622","0.003880","2019-09-12 14:39:27","2019-09-12 14:39:27"
"800009","8","2018-01-11","1.994328","0.000354","2019-09-12 14:39:27","2019-09-12 14:39:27"
"800009","8","2018-01-12","2.002431","0.004063","2019-09-12 14:39:27","2019-09-12 14:39:27"
"800009","8","2018-01-13","2.002431","0.000000","2019-09-12 14:39:27","2019-09-12 14:39:27"
"800009","8","2018-01-14","2.002431","0.000000","2019-09-12 14:39:27","2019-09-12 14:39:27"
"800009","8","2018-01-15","1.995628","-0.003397","2019-09-12 14:39:27","2019-09-12 14:39:27"
"800009","8","2018-01-16","2.008108","0.006254","2019-09-12 14:39:27","2019-09-12 14:39:27"
"800009","8","2018-01-17","2.008640","0.000265","2019-09-12 14:39:27","2019-09-12 14:39:27"
"800009","8","2018-01-18","2.017182","0.004253","2019-09-12 14:39:27","2019-09-12 14:39:27"
"800009","8","2018-01-19","2.020602","0.001695","2019-09-12 14:39:27","2019-09-12 14:39:27"
"800009","8","2018-01-20","2.020602","0.000000","2019-09-12 14:39:27","2019-09-12 14:39:27"
"800009","8","2018-01-21","2.020602","0.000000","2019-09-12 14:39:27","2019-09-12 14:39:27"
"800009","8","2018-01-22","2.033534","0.006400","2019-09-12 14:39:27","2019-09-12 14:39:27"
"800009","8","2018-01-23","2.051764","0.008965","2019-09-12 14:39:27","2019-09-12 14:39:27"
"800009","8","2018-01-24","2.049792","-0.000961","2019-09-12 14:39:27","2019-09-12 14:39:27"
"800009","8","2018-01-25","2.038902","-0.005313","2019-09-12 14:39:27","2019-09-12 14:39:27"
"800009","8","2018-01-26","2.051557","0.006207","2019-09-12 14:39:27","2019-09-12 14:39:27"
"800009","8","2018-01-27","2.051557","0.000000","2019-09-12 14:39:27","2019-09-12 14:39:27"
"800009","8","2018-01-28","2.051557","0.000000","2019-09-12 14:39:27","2019-09-12 14:39:27"
"800009","8","2018-01-29","2.033407","-0.008847","2019-09-12 14:39:27","2019-09-12 14:39:27"
"800009","8","2018-01-30","2.014972","-0.009066","2019-09-12 14:39:27","2019-09-12 14:39:27"
"800009","8","2018-01-31","2.025469","0.005209","2019-09-12 14:39:27","2019-09-12 14:39:27"
"800009","8","2018-02-01","2.011897","-0.006701","2019-09-12 14:39:27","2019-09-12 14:39:27"
"800009","8","2018-02-02","2.010658","-0.000616","2019-09-12 14:39:27","2019-09-12 14:39:27"
"800009","8","2018-02-03","2.010658","0.000000","2019-09-12 14:39:27","2019-09-12 14:39:27"
"800009","8","2018-02-04","2.010658","0.000000","2019-09-12 14:39:27","2019-09-12 14:39:27"
"800009","8","2018-02-05","2.001574","-0.004518","2019-09-12 14:39:27","2019-09-12 14:39:27"
"800009","8","2018-02-06","1.945141","-0.028194","2019-09-12 14:39:27","2019-09-12 14:39:27"
"800009","8","2018-02-07","1.927548","-0.009045","2019-09-12 14:39:27","2019-09-12 14:39:27"
"800009","8","2018-02-08","1.915858","-0.006065","2019-09-12 14:39:27","2019-09-12 14:39:27"
"800009","8","2018-02-09","1.889839","-0.013581","2019-09-12 14:39:27","2019-09-12 14:39:27"
"800009","8","2018-02-10","1.889839","0.000000","2019-09-12 14:39:27","2019-09-12 14:39:27"
"800009","8","2018-02-11","1.889895","0.000030","2019-09-12 14:39:27","2019-09-12 14:39:27"
"800009","8","2018-02-12","1.886259","-0.001924","2019-09-12 14:39:27","2019-09-12 14:39:27"
"800009","8","2018-02-13","1.886742","0.000256","2019-09-12 14:39:27","2019-09-12 14:39:27"
"800009","8","2018-02-14","1.887810","0.000566","2019-09-12 14:39:27","2019-09-12 14:39:27"
"800009","8","2018-02-15","1.887810","0.000000","2019-09-12 14:39:27","2019-09-12 14:39:27"
"800009","8","2018-02-16","1.887810","0.000000","2019-09-12 14:39:27","2019-09-12 14:39:27"
"800009","8","2018-02-17","1.887810","0.000000","2019-09-12 14:39:27","2019-09-12 14:39:27"
"800009","8","2018-02-18","1.887810","0.000000","2019-09-12 14:39:27","2019-09-12 14:39:27"
"800009","8","2018-02-19","1.887810","0.000000","2019-09-12 14:39:27","2019-09-12 14:39:27"
"800009","8","2018-02-20","1.887810","0.000000","2019-09-12 14:39:27","2019-09-12 14:39:27"
"800009","8","2018-02-21","1.888728","0.000486","2019-09-12 14:39:27","2019-09-12 14:39:27"
"800009","8","2018-02-22","1.888118","-0.000323","2019-09-12 14:39:27","2019-09-12 14:39:27"
"800009","8","2018-02-23","1.888601","0.000256","2019-09-12 14:39:27","2019-09-12 14:39:27"
"800009","8","2018-02-24","1.888601","0.000000","2019-09-12 14:39:27","2019-09-12 14:39:27"
"800009","8","2018-02-25","1.888895","0.000156","2019-09-12 14:39:27","2019-09-12 14:39:27"
"800009","8","2018-02-26","1.889683","0.000417","2019-09-12 14:39:27","2019-09-12 14:39:27"
"800009","8","2018-02-27","1.887323","-0.001249","2019-09-12 14:39:27","2019-09-12 14:39:27"
"800009","8","2018-02-28","1.884777","-0.001349","2019-09-12 14:39:27","2019-09-12 14:39:27"
"800009","8","2018-03-01","1.882016","-0.001465","2019-09-12 14:39:27","2019-09-12 14:39:27"
"800009","8","2018-03-02","1.883748","0.000920","2019-09-12 14:39:27","2019-09-12 14:39:27"
"800009","8","2018-03-03","1.883748","0.000000","2019-09-12 14:39:27","2019-09-12 14:39:27"
"800009","8","2018-03-04","1.884023","0.000146","2019-09-12 14:39:27","2019-09-12 14:39:27"
"800009","8","2018-03-05","1.888289","0.002264","2019-09-12 14:39:27","2019-09-12 14:39:27"
"800009","8","2018-03-06","1.888940","0.000345","2019-09-12 14:39:27","2019-09-12 14:39:27"
"800009","8","2018-03-07","1.888699","-0.000128","2019-09-12 14:39:27","2019-09-12 14:39:27"
"800009","8","2018-03-08","1.889627","0.000491","2019-09-13 08:36:18","2019-09-13 08:36:18"
"800009","8","2018-03-09","1.894068","0.002350","2019-09-12 14:39:27","2019-09-12 14:39:27"
"800009","8","2018-03-10","1.894068","0.000000","2019-09-12 14:39:27","2019-09-12 14:39:27"
"800009","8","2018-03-11","1.894342","0.000145","2019-09-13 08:36:18","2019-09-13 08:36:18"
"800009","8","2018-03-12","1.894027","-0.000167","2019-09-12 14:39:27","2019-09-12 14:39:27"
"800009","8","2018-03-13","1.892054","-0.001041","2019-09-13 08:36:18","2019-09-13 08:36:18"
"800009","8","2018-03-14","1.891167","-0.000469","2019-09-12 14:39:27","2019-09-12 14:39:27"
"800009","8","2018-03-15","1.890602","-0.000298","2019-09-13 08:36:18","2019-09-13 08:36:18"
"800009","8","2018-03-16","1.891567","0.000510","2019-09-12 14:39:27","2019-09-12 14:39:27"
"800009","8","2018-03-17","1.891567","0.000000","2019-09-12 14:39:27","2019-09-12 14:39:27"
"800009","8","2018-03-18","1.891845","0.000147","2019-09-12 14:39:27","2019-09-12 14:39:27"
"800009","8","2018-03-19","1.887450","-0.002323","2019-09-12 14:39:27","2019-09-12 14:39:27"
"800009","8","2018-03-20","1.888641","0.000631","2019-09-12 14:39:27","2019-09-12 14:39:27"
"800009","8","2018-03-21","1.889416","0.000410","2019-09-12 14:39:27","2019-09-12 14:39:27"
"800009","8","2018-03-22","1.884059","-0.002835","2019-09-12 14:39:27","2019-09-12 14:39:27"
"800009","8","2018-03-23","1.882011","-0.001087","2019-09-12 14:39:27","2019-09-12 14:39:27"
"800009","8","2018-03-24","1.882011","0.000000","2019-09-12 14:39:27","2019-09-12 14:39:27"
"800009","8","2018-03-25","1.882287","0.000147","2019-09-13 08:36:18","2019-09-13 08:36:18"
"800009","8","2018-03-26","1.888383","0.003239","2019-09-13 08:36:18","2019-09-13 08:36:18"
"800009","8","2018-03-27","1.882478","-0.003127","2019-09-12 14:39:27","2019-09-12 14:39:27"
"800009","8","2018-03-28","1.880102","-0.001262","2019-09-12 14:39:27","2019-09-12 14:39:27"
"800009","8","2018-03-29","1.883308","0.001705","2019-09-12 14:39:27","2019-09-12 14:39:27"
"800009","8","2018-03-30","1.883610","0.000161","2019-09-13 08:36:18","2019-09-13 08:36:18"
"800009","8","2018-03-31","1.883043","-0.000301","2019-09-12 14:39:27","2019-09-12 14:39:27"
"800009","8","2018-04-01","1.883325","0.000150","2019-09-13 08:36:18","2019-09-13 08:36:18"
"800009","8","2018-04-02","1.877247","-0.003227","2019-09-12 14:39:27","2019-09-12 14:39:27"
"800009","8","2018-04-03","1.881885","0.002471","2019-09-13 08:36:18","2019-09-13 08:36:18"
"800009","8","2018-04-04","1.885907","0.002137","2019-09-13 08:36:18","2019-09-13 08:36:18"
"800009","8","2018-04-05","1.885907","0.000000","2019-09-13 08:36:18","2019-09-13 08:36:18"
"800009","8","2018-04-06","1.885907","0.000000","2019-09-13 08:36:18","2019-09-13 08:36:18"
"800009","8","2018-04-07","1.885907","0.000000","2019-09-13 08:36:18","2019-09-13 08:36:18"
"800009","8","2018-04-08","1.886411","0.000267","2019-09-12 14:39:27","2019-09-12 14:39:27"
"800009","8","2018-04-09","1.884247","-0.001147","2019-09-13 08:36:18","2019-09-13 08:36:18"
"800009","8","2018-04-10","1.888059","0.002023","2019-09-12 14:39:27","2019-09-12 14:39:27"
"800009","8","2018-04-11","1.887164","-0.000474","2019-09-12 14:39:27","2019-09-12 14:39:27"
"800009","8","2018-04-12","1.889433","0.001202","2019-09-12 14:39:27","2019-09-12 14:39:27"
"800009","8","2018-04-13","1.887676","-0.000930","2019-09-12 14:39:27","2019-09-12 14:39:27"
"800009","8","2018-04-14","1.887676","0.000000","2019-09-12 14:39:27","2019-09-12 14:39:27"
"800009","8","2018-04-15","1.887910","0.000124","2019-09-12 14:39:27","2019-09-12 14:39:27"
"800009","8","2018-04-16","1.890630","0.001441","2019-09-12 14:39:27","2019-09-12 14:39:27"
"800009","8","2018-04-17","1.894072","0.001820","2019-09-12 14:39:27","2019-09-12 14:39:27"
"800009","8","2018-04-18","1.896065","0.001053","2019-09-12 14:39:27","2019-09-12 14:39:27"
"800009","8","2018-04-19","1.895211","-0.000451","2019-09-12 14:39:27","2019-09-12 14:39:27"
"800009","8","2018-04-20","1.892564","-0.001397","2019-09-12 14:39:27","2019-09-12 14:39:27"
"800009","8","2018-04-21","1.892564","0.000000","2019-09-12 14:39:27","2019-09-12 14:39:27"
"800009","8","2018-04-22","1.892820","0.000135","2019-09-12 14:39:27","2019-09-12 14:39:27"
"800009","8","2018-04-23","1.892807","-0.000007","2019-09-12 14:39:27","2019-09-12 14:39:27"
"800009","8","2018-04-24","1.890515","-0.001211","2019-09-12 14:39:27","2019-09-12 14:39:27"
"800009","8","2018-04-25","1.890320","-0.000103","2019-09-12 14:39:27","2019-09-12 14:39:27"
"800009","8","2018-04-26","1.894674","0.002303","2019-09-12 14:39:27","2019-09-12 14:39:27"
"800009","8","2018-04-27","1.895388","0.000377","2019-09-12 14:39:27","2019-09-12 14:39:27"
"800009","8","2018-04-28","1.895388","0.000000","2019-09-12 14:39:27","2019-09-12 14:39:27"
"800009","8","2018-04-29","1.895388","0.000000","2019-09-12 14:39:27","2019-09-12 14:39:27"
"800009","8","2018-04-30","1.895388","0.000000","2019-09-12 14:39:27","2019-09-12 14:39:27"
"800009","8","2018-05-01","1.895936","0.000289","2019-09-12 14:39:27","2019-09-12 14:39:27"
"800009","8","2018-05-02","1.893514","-0.001277","2019-09-12 14:39:27","2019-09-12 14:39:27"
"800009","8","2018-05-03","1.892786","-0.000384","2019-09-12 14:39:27","2019-09-12 14:39:27"
"800009","8","2018-05-04","1.895335","0.001347","2019-09-12 14:39:27","2019-09-12 14:39:27"
"800009","8","2018-05-05","1.895335","0.000000","2019-09-12 14:39:27","2019-09-12 14:39:27"
"800009","8","2018-05-06","1.895604","0.000142","2019-09-12 14:39:27","2019-09-12 14:39:27"
"800009","8","2018-05-07","1.897103","0.000790","2019-09-12 14:39:27","2019-09-12 14:39:27"
"800009","8","2018-05-08","1.897343","0.000127","2019-09-12 14:39:27","2019-09-12 14:39:27"
"800009","8","2018-05-09","1.899180","0.000968","2019-09-12 14:39:27","2019-09-12 14:39:27"
"800009","8","2018-05-10","1.901684","0.001319","2019-09-13 08:36:18","2019-09-13 08:36:18"
"800009","8","2018-05-11","1.901610","-0.000039","2019-09-12 14:39:27","2019-09-12 14:39:27"
"800009","8","2018-05-12","1.901610","0.000000","2019-09-12 14:39:27","2019-09-12 14:39:27"
"800009","8","2018-05-13","1.901858","0.000130","2019-09-12 14:39:27","2019-09-12 14:39:27"
"800009","8","2018-05-14","1.901223","-0.000334","2019-09-12 14:39:27","2019-09-12 14:39:27"
"800009","8","2018-05-15","1.898644","-0.001356","2019-09-13 08:36:18","2019-09-13 08:36:18"
"800009","8","2018-05-16","1.897812","-0.000438","2019-09-13 08:36:18","2019-09-13 08:36:18"
"800009","8","2018-05-17","1.894974","-0.001496","2019-09-12 14:39:27","2019-09-12 14:39:27"
"800009","8","2018-05-18","1.896451","0.000779","2019-09-12 14:39:27","2019-09-12 14:39:27"
"800009","8","2018-05-19","1.896451","0.000000","2019-09-12 14:39:27","2019-09-12 14:39:27"
"800009","8","2018-05-20","1.896628","0.000094","2019-09-13 08:36:18","2019-09-13 08:36:18"
"800009","8","2018-05-21","1.897106","0.000252","2019-09-12 14:39:27","2019-09-12 14:39:27"
"800009","8","2018-05-22","1.897485","0.000200","2019-09-12 14:39:27","2019-09-12 14:39:27"
"800009","8","2018-05-23","1.896810","-0.000356","2019-09-13 08:36:18","2019-09-13 08:36:18"
"800009","8","2018-05-24","1.898795","0.001046","2019-09-12 14:39:27","2019-09-12 14:39:27"
"800009","8","2018-05-25","1.900562","0.000931","2019-09-12 14:39:27","2019-09-12 14:39:27"
"800009","8","2018-05-26","1.900562","0.000000","2019-09-12 14:39:27","2019-09-12 14:39:27"
"800009","8","2018-05-27","1.900760","0.000104","2019-09-12 14:39:27","2019-09-12 14:39:27"
"800009","8","2018-05-28","1.899181","-0.000831","2019-09-12 14:39:27","2019-09-12 14:39:27"
"800009","8","2018-05-29","1.899266","0.000045","2019-09-12 14:39:27","2019-09-12 14:39:27"
"800009","8","2018-05-30","1.897701","-0.000824","2019-09-12 14:39:27","2019-09-12 14:39:27"
"800009","8","2018-05-31","1.901463","0.001983","2019-09-13 08:36:18","2019-09-13 08:36:18"
"800009","8","2018-06-01","1.900005","-0.000767","2019-09-13 08:36:18","2019-09-13 08:36:18"
"800009","8","2018-06-02","1.900005","0.000000","2019-09-13 08:36:18","2019-09-13 08:36:18"
"800009","8","2018-06-03","1.900207","0.000106","2019-09-12 14:39:27","2019-09-12 14:39:27"
"800009","8","2018-06-04","1.900318","0.000059","2019-09-12 14:39:27","2019-09-12 14:39:27"
"800009","8","2018-06-05","1.901511","0.000628","2019-09-12 14:39:27","2019-09-12 14:39:27"
"800009","8","2018-06-06","1.902814","0.000685","2019-09-12 14:39:27","2019-09-12 14:39:27"
"800009","8","2018-06-07","1.903141","0.000172","2019-09-12 14:39:27","2019-09-12 14:39:27"
"800009","8","2018-06-08","1.900843","-0.001208","2019-09-12 14:39:27","2019-09-12 14:39:27"
"800009","8","2018-06-09","1.900843","0.000000","2019-09-12 14:39:27","2019-09-12 14:39:27"
"800009","8","2018-06-10","1.900843","0.000000","2019-09-12 14:39:27","2019-09-12 14:39:27"
"800009","8","2018-06-11","1.897422","-0.001800","2019-09-13 08:36:18","2019-09-13 08:36:18"
"800009","8","2018-06-12","1.905638","0.004330","2019-09-12 14:39:27","2019-09-12 14:39:27"
"800009","8","2018-06-13","1.896234","-0.004935","2019-09-12 14:39:27","2019-09-12 14:39:27"
"800009","8","2018-06-14","1.887029","-0.004854","2019-09-12 14:39:27","2019-09-12 14:39:27"
"800009","8","2018-06-15","1.886718","-0.000165","2019-09-12 14:39:27","2019-09-12 14:39:27"
"800009","8","2018-06-16","1.886718","0.000000","2019-09-12 14:39:27","2019-09-12 14:39:27"
"800009","8","2018-06-17","1.886718","0.000000","2019-09-12 14:39:27","2019-09-12 14:39:27"
"800009","8","2018-06-18","1.886718","0.000000","2019-09-12 14:39:27","2019-09-12 14:39:27"
"800009","8","2018-06-19","1.854639","-0.017002","2019-09-12 14:39:27","2019-09-12 14:39:27"
"800009","8","2018-06-20","1.866720","0.006514","2019-09-12 14:39:27","2019-09-12 14:39:27"
"800009","8","2018-06-21","1.856405","-0.005526","2019-09-12 14:39:27","2019-09-12 14:39:27"
"800009","8","2018-06-22","1.861671","0.002837","2019-09-12 14:39:27","2019-09-12 14:39:27"
"800009","8","2018-06-23","1.861671","0.000000","2019-09-12 14:39:27","2019-09-12 14:39:27"
"800009","8","2018-06-24","1.861671","0.000000","2019-09-12 14:39:27","2019-09-12 14:39:27"
"800009","8","2018-06-25","1.845279","-0.008805","2019-09-13 08:36:18","2019-09-13 08:36:18"
"800009","8","2018-06-26","1.844515","-0.000414","2019-09-13 08:36:18","2019-09-13 08:36:18"
"800009","8","2018-06-27","1.827653","-0.009142","2019-09-12 14:39:27","2019-09-12 14:39:27"
"800009","8","2018-06-28","1.832715","0.002770","2019-09-12 14:39:27","2019-09-12 14:39:27"
"800009","8","2018-06-29","1.857429","0.013485","2019-09-12 14:39:27","2019-09-12 14:39:27"
"800009","8","2018-06-30","1.857445","0.000009","2019-09-12 14:39:27","2019-09-12 14:39:27"
"800009","8","2018-07-01","1.857445","0.000000","2019-09-12 14:39:27","2019-09-12 14:39:27"
"800009","8","2018-07-02","1.853102","-0.002338","2019-09-12 14:39:27","2019-09-12 14:39:27"
"800009","8","2018-07-03","1.846637","-0.003488","2019-09-13 08:36:18","2019-09-13 08:36:18"
"800009","8","2018-07-04","1.834715","-0.006456","2019-09-12 14:39:27","2019-09-12 14:39:27"
"800009","8","2018-07-05","1.828461","-0.003409","2019-09-12 14:39:27","2019-09-12 14:39:27"
"800009","8","2018-07-06","1.837793","0.005104","2019-09-12 14:39:27","2019-09-12 14:39:27"
"800009","8","2018-07-07","1.837793","0.000000","2019-09-12 14:39:27","2019-09-12 14:39:27"
"800009","8","2018-07-08","1.837793","0.000000","2019-09-12 14:39:27","2019-09-12 14:39:27"
"800009","8","2018-07-09","1.859898","0.012028","2019-09-13 08:36:18","2019-09-13 08:36:18"
"800009","8","2018-07-10","1.859255","-0.000346","2019-09-12 14:39:27","2019-09-12 14:39:27"
"800009","8","2018-07-11","1.846027","-0.007115","2019-09-12 14:39:27","2019-09-12 14:39:27"
"800009","8","2018-07-12","1.867420","0.011589","2019-09-12 14:39:27","2019-09-12 14:39:27"
"800009","8","2018-07-13","1.871711","0.002298","2019-09-13 08:36:18","2019-09-13 08:36:18"
"800009","8","2018-07-14","1.871711","0.000000","2019-09-13 08:36:18","2019-09-13 08:36:18"
"800009","8","2018-07-15","1.871711","0.000000","2019-09-13 08:36:18","2019-09-13 08:36:18"
"800009","8","2018-07-16","1.868161","-0.001897","2019-09-13 08:36:18","2019-09-13 08:36:18"
"800009","8","2018-07-17","1.866903","-0.000674","2019-09-12 14:39:27","2019-09-12 14:39:27"
"800009","8","2018-07-18","1.866173","-0.000391","2019-09-12 14:39:27","2019-09-12 14:39:27"
"800009","8","2018-07-19","1.866258","0.000046","2019-09-12 14:39:27","2019-09-12 14:39:27"
"800009","8","2018-07-20","1.876243","0.005350","2019-09-12 14:39:27","2019-09-12 14:39:27"
"800009","8","2018-07-21","1.876243","0.000000","2019-09-12 14:39:27","2019-09-12 14:39:27"
"800009","8","2018-07-22","1.876243","0.000000","2019-09-12 14:39:27","2019-09-12 14:39:27"
"800009","8","2018-07-23","1.878281","0.001087","2019-09-13 08:36:18","2019-09-13 08:36:18"
"800009","8","2018-07-24","1.889727","0.006094","2019-09-12 14:39:27","2019-09-12 14:39:27"
"800009","8","2018-07-25","1.898414","0.004597","2019-09-12 14:39:27","2019-09-12 14:39:27"
"800009","8","2018-07-26","1.889814","-0.004530","2019-09-13 08:36:18","2019-09-13 08:36:18"
"800009","8","2018-07-27","1.890088","0.000145","2019-09-12 14:39:27","2019-09-12 14:39:27"
"800009","8","2018-07-28","1.890088","0.000000","2019-09-12 14:39:27","2019-09-12 14:39:27"
"800009","8","2018-07-29","1.890088","0.000000","2019-09-12 14:39:27","2019-09-12 14:39:27"
"800009","8","2018-07-30","1.887959","-0.001127","2019-09-12 14:39:27","2019-09-12 14:39:27"
"800009","8","2018-07-31","1.892049","0.002166","2019-09-12 14:39:27","2019-09-12 14:39:27"
"800009","8","2018-08-01","1.886749","-0.002801","2019-09-12 14:39:27","2019-09-12 14:39:27"
"800009","8","2018-08-02","1.876647","-0.005354","2019-09-13 08:36:18","2019-09-13 08:36:18"
"800009","8","2018-08-03","1.880946","0.002291","2019-09-12 14:39:27","2019-09-12 14:39:27"
"800009","8","2018-08-04","1.880946","0.000000","2019-09-12 14:39:27","2019-09-12 14:39:27"
"800009","8","2018-08-05","1.880946","0.000000","2019-09-12 14:39:27","2019-09-12 14:39:27"
"800009","8","2018-08-06","1.884723","0.002008","2019-09-12 14:39:27","2019-09-12 14:39:27"
"800009","8","2018-08-07","1.893684","0.004755","2019-09-13 08:36:18","2019-09-13 08:36:18"
"800009","8","2018-08-08","1.889791","-0.002056","2019-09-12 14:39:27","2019-09-12 14:39:27"
"800009","8","2018-08-09","1.896012","0.003292","2019-09-13 08:36:18","2019-09-13 08:36:18"
"800009","8","2018-08-10","1.890826","-0.002735","2019-09-12 14:39:27","2019-09-12 14:39:27"
"800009","8","2018-08-11","1.890826","0.000000","2019-09-12 14:39:27","2019-09-12 14:39:27"
"800009","8","2018-08-12","1.890826","0.000000","2019-09-12 14:39:27","2019-09-12 14:39:27"
"800009","8","2018-08-13","1.886856","-0.002100","2019-09-13 08:36:18","2019-09-13 08:36:18"
"800009","8","2018-08-14","1.889850","0.001586","2019-09-12 14:39:27","2019-09-12 14:39:27"
"800009","8","2018-08-15","1.878498","-0.006007","2019-09-12 14:39:27","2019-09-12 14:39:27"
"800009","8","2018-08-16","1.879391","0.000475","2019-09-12 14:39:27","2019-09-12 14:39:27"
"800009","8","2018-08-17","1.878869","-0.000278","2019-09-12 14:39:27","2019-09-12 14:39:27"
"800009","8","2018-08-18","1.878869","0.000000","2019-09-12 14:39:27","2019-09-12 14:39:27"
"800009","8","2018-08-19","1.878869","0.000000","2019-09-12 14:39:27","2019-09-12 14:39:27"
"800009","8","2018-08-20","1.884123","0.002796","2019-09-12 14:39:27","2019-09-12 14:39:27"
"800009","8","2018-08-21","1.887511","0.001798","2019-09-12 14:39:27","2019-09-12 14:39:27"
"800009","8","2018-08-22","1.887141","-0.000196","2019-09-12 14:39:27","2019-09-12 14:39:27"
"800009","8","2018-08-23","1.887167","0.000014","2019-09-12 14:39:27","2019-09-12 14:39:27"
"800009","8","2018-08-24","1.895107","0.004207","2019-09-12 14:39:27","2019-09-12 14:39:27"
"800009","8","2018-08-25","1.895107","0.000000","2019-09-12 14:39:27","2019-09-12 14:39:27"
"800009","8","2018-08-26","1.895107","0.000000","2019-09-12 14:39:27","2019-09-12 14:39:27"
"800009","8","2018-08-27","1.907103","0.006330","2019-09-12 14:39:27","2019-09-12 14:39:27"
"800009","8","2018-08-28","1.903278","-0.002006","2019-09-12 14:39:27","2019-09-12 14:39:27"
"800009","8","2018-08-29","1.907032","0.001973","2019-09-12 14:39:27","2019-09-12 14:39:27"
"800009","8","2018-08-30","1.900355","-0.003501","2019-09-12 14:39:27","2019-09-12 14:39:27"
"800009","8","2018-08-31","1.900578","0.000117","2019-09-12 14:39:27","2019-09-12 14:39:27"
"800009","8","2018-09-01","1.900578","0.000000","2019-09-12 14:39:27","2019-09-12 14:39:27"
"800009","8","2018-09-02","1.900578","0.000000","2019-09-12 14:39:27","2019-09-12 14:39:27"
"800009","8","2018-09-03","1.898525","-0.001080","2019-09-13 08:36:18","2019-09-13 08:36:18"
"800009","8","2018-09-04","1.900172","0.000867","2019-09-12 14:39:27","2019-09-12 14:39:27"
"800009","8","2018-09-05","1.890050","-0.005327","2019-09-12 14:39:27","2019-09-12 14:39:27"
"800009","8","2018-09-06","1.885329","-0.002498","2019-09-13 08:36:18","2019-09-13 08:36:18"
"800009","8","2018-09-07","1.883691","-0.000869","2019-09-13 08:36:18","2019-09-13 08:36:18"
"800009","8","2018-09-08","1.883691","0.000000","2019-09-13 08:36:18","2019-09-13 08:36:18"
"800009","8","2018-09-09","1.883691","0.000000","2019-09-13 08:36:18","2019-09-13 08:36:18"
"800009","8","2018-09-10","1.883457","-0.000124","2019-09-13 08:36:18","2019-09-13 08:36:18"
"800009","8","2018-09-11","1.885851","0.001271","2019-09-12 14:39:27","2019-09-12 14:39:27"
"800009","8","2018-09-12","1.884761","-0.000578","2019-09-13 08:36:18","2019-09-13 08:36:18"
"800009","8","2018-09-13","1.894661","0.005253","2019-09-13 08:36:18","2019-09-13 08:36:18"
"800009","8","2018-09-14","1.894661","0.000000","2019-09-13 08:36:18","2019-11-05 08:38:13"
"800009","8","2018-09-15","1.894661","0.000000","2019-09-12 14:39:27","2019-09-12 14:39:27"
"800009","8","2018-09-16","1.894661","0.000000","2019-09-12 14:39:27","2019-09-12 14:39:27"
"800009","8","2018-09-17","1.887623","-0.003715","2019-09-12 14:39:27","2019-09-12 14:39:27"
"800009","8","2018-09-18","1.897099","0.005021","2019-09-13 08:36:18","2019-09-13 08:36:18"
"800009","8","2018-09-19","1.904247","0.003768","2019-09-12 14:39:27","2019-09-12 14:39:27"
"800009","8","2018-09-20","1.908698","0.002337","2019-09-12 14:39:27","2019-09-12 14:39:27"
"800009","8","2018-09-21","1.915477","0.003551","2019-09-12 14:39:27","2019-09-12 14:39:27"
"800009","8","2018-09-22","1.915477","0.000000","2019-09-12 14:39:27","2019-09-12 14:39:27"
"800009","8","2018-09-23","1.915477","0.000000","2019-09-12 14:39:27","2019-09-12 14:39:27"
"800009","8","2018-09-24","1.915477","0.000000","2019-09-12 14:39:27","2019-09-12 14:39:27"
"800009","8","2018-09-25","1.909637","-0.003049","2019-09-12 14:39:27","2019-09-12 14:39:27"
"800009","8","2018-09-26","1.912972","0.001746","2019-09-12 14:39:27","2019-09-12 14:39:27"
"800009","8","2018-09-27","1.913235","0.000137","2019-09-12 14:39:27","2019-09-12 14:39:27"
"800009","8","2018-09-28","1.916426","0.001668","2019-09-12 14:39:27","2019-09-12 14:39:27"
"800009","8","2018-09-29","1.916426","0.000000","2019-09-12 14:39:27","2019-09-12 14:39:27"
"800009","8","2018-09-30","1.916107","-0.000167","2019-09-12 14:39:27","2019-09-12 14:39:27"
"800009","8","2018-10-01","1.916107","0.000000","2019-09-12 14:39:27","2019-09-12 14:39:27"
"800009","8","2018-10-02","1.916107","0.000000","2019-09-12 14:39:27","2019-09-12 14:39:27"
"800009","8","2018-10-03","1.916107","0.000000","2019-09-12 14:39:27","2019-09-12 14:39:27"
"800009","8","2018-10-04","1.916107","0.000000","2019-09-12 14:39:27","2019-09-12 14:39:27"
"800009","8","2018-10-05","1.916107","0.000000","2019-09-12 14:39:27","2019-09-12 14:39:27"
"800009","8","2018-10-06","1.916107","0.000000","2019-09-12 14:39:27","2019-09-12 14:39:27"
"800009","8","2018-10-07","1.916107","0.000000","2019-09-12 14:39:27","2019-09-12 14:39:27"
"800009","8","2018-10-08","1.886385","-0.015512","2019-09-12 14:39:27","2019-09-12 14:39:27"
"800009","8","2018-10-09","1.885699","-0.000364","2019-09-12 14:39:27","2019-09-12 14:39:27"
"800009","8","2018-10-10","1.865137","-0.010904","2019-09-12 14:39:27","2019-09-12 14:39:27"
"800009","8","2018-10-11","1.835940","-0.015654","2019-09-12 14:39:27","2019-09-12 14:39:27"
"800009","8","2018-10-12","1.839466","0.001921","2019-09-13 08:36:18","2019-09-13 08:36:18"
"800009","8","2018-10-13","1.839466","0.000000","2019-09-13 08:36:18","2019-09-13 08:36:18"
"800009","8","2018-10-14","1.839509","0.000023","2019-09-12 14:39:27","2019-09-12 14:39:27"
"800009","8","2018-10-15","1.837746","-0.000958","2019-09-13 08:36:18","2019-09-13 08:36:18"
"800009","8","2018-10-16","1.837624","-0.000067","2019-09-12 14:39:27","2019-09-12 14:39:27"
"800009","8","2018-10-17","1.837285","-0.000185","2019-09-12 14:39:27","2019-09-12 14:39:27"
"800009","8","2018-10-18","1.833580","-0.002017","2019-09-12 14:39:27","2019-09-12 14:39:27"
"800009","8","2018-10-19","1.842397","0.004809","2019-09-13 08:36:18","2019-09-13 08:36:18"
"800009","8","2018-10-20","1.842397","0.000000","2019-09-12 14:39:27","2019-09-12 14:39:27"
"800009","8","2018-10-21","1.842526","0.000070","2019-09-12 14:39:27","2019-09-12 14:39:27"
"800009","8","2018-10-22","1.854111","0.006287","2019-09-12 14:39:27","2019-09-12 14:39:27"
"800009","8","2018-10-23","1.842007","-0.006528","2019-09-12 14:39:27","2019-09-12 14:39:27"
"800009","8","2018-10-24","1.839996","-0.001091","2019-09-12 14:39:27","2019-09-12 14:39:27"
"800009","8","2018-10-25","1.838508","-0.000809","2019-09-12 14:39:27","2019-09-12 14:39:27"
"800009","8","2018-10-26","1.836003","-0.001362","2019-09-12 14:39:27","2019-09-12 14:39:27"
"800009","8","2018-10-27","1.836003","0.000000","2019-09-12 14:39:27","2019-09-12 14:39:27"
"800009","8","2018-10-28","1.836140","0.000075","2019-09-12 14:39:27","2019-09-12 14:39:27"
"800009","8","2018-10-29","1.828920","-0.003932","2019-09-12 14:39:27","2019-09-12 14:39:27"
"800009","8","2018-10-30","1.829381","0.000252","2019-09-12 14:39:27","2019-09-12 14:39:27"
"800009","8","2018-10-31","1.833060","0.002011","2019-09-12 14:39:27","2019-09-12 14:39:27"
"800009","8","2018-11-01","1.835140","0.001135","2019-09-12 14:39:27","2019-09-12 14:39:27"
"800009","8","2018-11-02","1.845767","0.005791","2019-09-12 14:39:27","2019-09-12 14:39:27"
"800009","8","2018-11-03","1.845767","0.000000","2019-09-12 14:39:27","2019-09-12 14:39:27"
"800009","8","2018-11-04","1.845903","0.000074","2019-09-12 14:39:27","2019-09-12 14:39:27"
"800009","8","2018-11-05","1.841795","-0.002225","2019-09-13 08:36:18","2019-09-13 08:36:18"
"800009","8","2018-11-06","1.840498","-0.000705","2019-09-12 14:39:27","2019-09-12 14:39:27"
"800009","8","2018-11-07","1.839799","-0.000379","2019-09-12 14:39:27","2019-09-12 14:39:27"
"800009","8","2018-11-08","1.838497","-0.000708","2019-09-12 14:39:27","2019-09-12 14:39:27"
"800009","8","2018-11-09","1.832416","-0.003307","2019-09-12 14:39:27","2019-09-12 14:39:27"
"800009","8","2018-11-10","1.832416","0.000000","2019-09-12 14:39:27","2019-09-12 14:39:27"
"800009","8","2018-11-11","1.832550","0.000073","2019-09-12 14:39:27","2019-09-12 14:39:27"
"800009","8","2018-11-12","1.835427","0.001570","2019-09-12 14:39:27","2019-09-12 14:39:27"
"800009","8","2018-11-13","1.833088","-0.001274","2019-09-12 14:39:27","2019-09-12 14:39:27"
"800009","8","2018-11-14","1.830385","-0.001474","2019-09-13 08:36:18","2019-09-13 08:36:18"
"800009","8","2018-11-15","1.835927","0.003028","2019-09-12 14:39:27","2019-09-12 14:39:27"
"800009","8","2018-11-16","1.837555","0.000887","2019-09-12 14:39:27","2019-09-12 14:39:27"
"800009","8","2018-11-17","1.837555","0.000000","2019-09-12 14:39:27","2019-09-12 14:39:27"
"800009","8","2018-11-18","1.837691","0.000074","2019-09-12 14:39:27","2019-09-12 14:39:27"
"800009","8","2018-11-19","1.838624","0.000508","2019-09-12 14:39:27","2019-09-12 14:39:27"
"800009","8","2018-11-20","1.827950","-0.005805","2019-09-12 14:39:27","2019-09-12 14:39:27"
"800009","8","2018-11-21","1.830017","0.001131","2019-09-13 08:36:18","2019-09-13 08:36:18"
"800009","8","2018-11-22","1.829051","-0.000528","2019-09-12 14:39:27","2019-09-12 14:39:27"
"800009","8","2018-11-23","1.818091","-0.005992","2019-09-12 14:39:27","2019-09-12 14:39:27"
"800009","8","2018-11-24","1.818091","0.000000","2019-09-12 14:39:27","2019-09-12 14:39:27"
"800009","8","2018-11-25","1.818225","0.000074","2019-09-12 14:39:27","2019-09-12 14:39:27"
"800009","8","2018-11-26","1.821445","0.001771","2019-09-12 14:39:27","2019-09-12 14:39:27"
"800009","8","2018-11-27","1.821623","0.000098","2019-09-12 14:39:27","2019-09-12 14:39:27"
"800009","8","2018-11-28","1.823894","0.001247","2019-09-12 14:39:27","2019-09-12 14:39:27"
"800009","8","2018-11-29","1.822215","-0.000921","2019-09-13 08:36:18","2019-09-13 08:36:18"
"800009","8","2018-11-30","1.823873","0.000910","2019-09-13 08:36:18","2019-09-13 08:36:18"
"800009","8","2018-12-01","1.823873","0.000000","2019-09-13 08:36:18","2019-09-13 08:36:18"
"800009","8","2018-12-02","1.824005","0.000072","2019-09-13 08:36:18","2019-09-13 08:36:18"
"800009","8","2018-12-03","1.837176","0.007221","2019-09-12 14:39:27","2019-09-12 14:39:27"
"800009","8","2018-12-04","1.836671","-0.000275","2019-09-12 14:39:27","2019-09-12 14:39:27"
"800009","8","2018-12-05","1.833013","-0.001992","2019-09-12 14:39:27","2019-09-12 14:39:27"
"800009","8","2018-12-06","1.824378","-0.004711","2019-09-12 14:39:27","2019-09-12 14:39:27"
"800009","8","2018-12-07","1.823469","-0.000498","2019-09-12 14:39:27","2019-09-12 14:39:27"
"800009","8","2018-12-08","1.823469","0.000000","2019-09-12 14:39:27","2019-09-12 14:39:27"
"800009","8","2018-12-09","1.823538","0.000038","2019-09-12 14:39:27","2019-09-12 14:39:27"
"800009","8","2018-12-10","1.821505","-0.001115","2019-09-12 14:39:27","2019-09-12 14:39:27"
"800009","8","2018-12-11","1.823307","0.000989","2019-09-12 14:39:27","2019-09-12 14:39:27"
"800009","8","2018-12-12","1.824447","0.000625","2019-09-13 08:36:18","2019-09-13 08:36:18"
"800009","8","2018-12-13","1.829943","0.003012","2019-09-12 14:39:27","2019-09-12 14:39:27"
"800009","8","2018-12-14","1.817372","-0.006870","2019-09-12 14:39:27","2019-09-12 14:39:27"
"800009","8","2018-12-15","1.817372","0.000000","2019-09-12 14:39:27","2019-09-12 14:39:27"
"800009","8","2018-12-16","1.817443","0.000039","2019-09-12 14:39:27","2019-09-12 14:39:27"
"800009","8","2018-12-17","1.811696","-0.003162","2019-09-12 14:39:27","2019-09-12 14:39:27"
"800009","8","2018-12-18","1.807550","-0.002288","2019-09-12 14:39:27","2019-09-12 14:39:27"
"800009","8","2018-12-19","1.801770","-0.003198","2019-09-12 14:39:27","2019-09-12 14:39:27"
"800009","8","2018-12-20","1.798177","-0.001994","2019-09-12 14:39:27","2019-09-12 14:39:27"
"800009","8","2018-12-21","1.795469","-0.001506","2019-09-12 14:39:27","2019-09-12 14:39:27"
"800009","8","2018-12-22","1.795469","0.000000","2019-09-12 14:39:27","2019-09-12 14:39:27"
"800009","8","2018-12-23","1.795544","0.000042","2019-09-13 08:36:18","2019-09-13 08:36:18"
"800009","8","2018-12-24","1.798208","0.001484","2019-09-13 08:36:18","2019-09-13 08:36:18"
"800009","8","2018-12-25","1.798266","0.000032","2019-09-12 14:39:27","2019-09-12 14:39:27"
"800009","8","2018-12-26","1.801069","0.001559","2019-09-12 14:39:27","2019-09-12 14:39:27"
"800009","8","2018-12-27","1.796824","-0.002357","2019-09-12 14:39:27","2019-09-12 14:39:27"
"800009","8","2018-12-28","1.798963","0.001191","2019-09-12 14:39:27","2019-09-12 14:39:27"
"800009","8","2018-12-29","1.798963","0.000000","2019-09-12 14:39:27","2019-09-12 14:39:27"
"800009","8","2018-12-30","1.798963","0.000000","2019-09-12 14:39:27","2019-09-12 14:39:27"
"800009","8","2018-12-31","1.801541","0.001433","2019-09-12 14:39:27","2019-09-12 14:39:27"
"800009","8","2019-01-01","1.801578","0.000021","2019-09-12 14:39:27","2019-09-12 14:39:27"
"800009","8","2019-01-02","1.795667","-0.003281","2019-09-12 14:39:27","2019-09-12 14:39:27"
"800009","8","2019-01-03","1.793732","-0.001078","2019-09-12 14:39:27","2019-09-12 14:39:27"
"800009","8","2019-01-04","1.806705","0.007232","2019-09-12 14:39:27","2019-09-12 14:39:27"
"800009","8","2019-01-05","1.806705","0.000000","2019-09-12 14:39:27","2019-09-12 14:39:27"
"800009","8","2019-01-06","1.806784","0.000044","2019-09-12 14:39:27","2019-09-12 14:39:27"
"800009","8","2019-01-07","1.813308","0.003611","2019-09-12 14:39:27","2019-09-12 14:39:27"
"800009","8","2019-01-08","1.812365","-0.000520","2019-09-12 14:39:27","2019-09-12 14:39:27"
"800009","8","2019-01-09","1.818792","0.003546","2019-09-12 14:39:27","2019-09-12 14:39:27"
"800009","8","2019-01-10","1.816760","-0.001117","2019-09-12 14:39:27","2019-09-12 14:39:27"
"800009","8","2019-01-11","1.817139","0.000209","2019-09-13 08:36:18","2019-09-13 08:36:18"
"800009","8","2019-01-12","1.817139","0.000000","2019-09-13 08:36:18","2019-09-13 08:36:18"
"800009","8","2019-01-13","1.817211","0.000039","2019-09-12 14:39:27","2019-09-12 14:39:27"
"800009","8","2019-01-14","1.811935","-0.002903","2019-09-12 14:39:27","2019-09-12 14:39:27"
"800009","8","2019-01-15","1.820488","0.004721","2019-09-13 08:36:18","2019-09-13 08:36:18"
"800009","8","2019-01-16","1.823247","0.001515","2019-09-12 14:39:27","2019-09-12 14:39:27"
"800009","8","2019-01-17","1.819154","-0.002245","2019-09-12 14:39:27","2019-09-12 14:39:27"
"800009","8","2019-01-18","1.828135","0.004937","2019-09-12 14:39:27","2019-09-12 14:39:27"
"800009","8","2019-01-19","1.828135","0.000000","2019-09-12 14:39:27","2019-09-12 14:39:27"
"800009","8","2019-01-20","1.828204","0.000038","2019-09-12 14:39:27","2019-09-12 14:39:27"
"800009","8","2019-01-21","1.831119","0.001594","2019-09-12 14:39:27","2019-09-12 14:39:27"
"800009","8","2019-01-22","1.824852","-0.003422","2019-09-12 14:39:27","2019-09-12 14:39:27"
"800009","8","2019-01-23","1.826328","0.000809","2019-09-12 14:39:27","2019-09-12 14:39:27"
"800009","8","2019-01-24","1.833144","0.003732","2019-09-12 14:39:27","2019-09-12 14:39:27"
"800009","8","2019-01-25","1.835796","0.001447","2019-09-12 14:39:27","2019-09-12 14:39:27"
"800009","8","2019-01-26","1.835796","0.000000","2019-09-12 14:39:27","2019-09-12 14:39:27"
"800009","8","2019-01-27","1.835866","0.000038","2019-09-13 08:36:18","2019-09-13 08:36:18"
"800009","8","2019-01-28","1.834604","-0.000688","2019-09-12 14:39:27","2019-09-12 14:39:27"
"800009","8","2019-01-29","1.832842","-0.000960","2019-09-12 14:39:27","2019-09-12 14:39:27"
"800009","8","2019-01-30","1.834495","0.000902","2019-09-12 14:39:27","2019-09-12 14:39:27"
"800009","8","2019-01-31","1.835095","0.000327","2019-09-12 14:39:27","2019-09-12 14:39:27"
"800009","8","2019-02-01","1.845228","0.005522","2019-09-12 14:39:27","2019-09-12 14:39:27"
"800009","8","2019-02-02","1.845228","0.000000","2019-09-12 14:39:27","2019-09-12 14:39:27"
"800009","8","2019-02-03","1.845228","0.000000","2019-09-12 14:39:27","2019-09-12 14:39:27"
"800009","8","2019-02-04","1.845228","0.000000","2019-09-12 14:39:27","2019-09-12 14:39:27"
"800009","8","2019-02-05","1.845228","0.000000","2019-09-12 14:39:27","2019-09-12 14:39:27"
"800009","8","2019-02-06","1.845228","0.000000","2019-09-12 14:39:27","2019-09-12 14:39:27"
"800009","8","2019-02-07","1.845228","0.000000","2019-09-12 14:39:27","2019-09-12 14:39:27"
"800009","8","2019-02-08","1.845228","0.000000","2019-09-12 14:39:27","2019-09-12 14:39:27"
"800009","8","2019-02-09","1.845228","0.000000","2019-09-12 14:39:27","2019-09-12 14:39:27"
"800009","8","2019-02-10","1.845550","0.000174","2019-09-12 14:39:27","2019-09-12 14:39:27"
"800009","8","2019-02-11","1.856366","0.005861","2019-09-12 14:39:27","2019-09-12 14:39:27"
"800009","8","2019-02-12","1.862043","0.003058","2019-09-13 08:36:18","2019-09-13 08:36:18"
"800009","8","2019-02-13","1.868535","0.003486","2019-09-12 14:39:27","2019-09-12 14:39:27"
"800009","8","2019-02-14","1.870011","0.000790","2019-09-12 14:39:27","2019-09-12 14:39:27"
"800009","8","2019-02-15","1.866852","-0.001689","2019-09-12 14:39:27","2019-09-12 14:39:27"
"800009","8","2019-02-16","1.866852","0.000000","2019-09-12 14:39:27","2019-09-12 14:39:27"
"800009","8","2019-02-17","1.866922","0.000038","2019-09-13 08:36:18","2019-09-13 08:36:18"
"800009","8","2019-02-18","1.885057","0.009713","2019-09-12 14:39:27","2019-09-12 14:39:27"
"800009","8","2019-02-19","1.884957","-0.000053","2019-09-12 14:39:27","2019-09-12 14:39:27"
"800009","8","2019-02-20","1.887264","0.001224","2019-09-12 14:39:27","2019-09-12 14:39:27"
"800009","8","2019-02-21","1.884142","-0.001654","2019-09-12 14:39:27","2019-09-12 14:39:27"
"800009","8","2019-02-22","1.893638","0.005040","2019-09-13 08:36:18","2019-09-13 08:36:18"
"800009","8","2019-02-23","1.893638","0.000000","2019-09-13 08:36:18","2019-09-13 08:36:18"
"800009","8","2019-02-24","1.893707","0.000036","2019-09-12 14:39:27","2019-09-12 14:39:27"
"800009","8","2019-02-25","1.913648","0.010530","2019-09-12 14:39:27","2019-09-12 14:39:27"
"800009","8","2019-02-26","1.909303","-0.002270","2019-09-12 14:39:27","2019-09-12 14:39:27"
"800009","8","2019-02-27","1.906384","-0.001529","2019-09-12 14:39:27","2019-09-12 14:39:27"
"800009","8","2019-02-28","1.908031","0.000864","2019-09-13 08:36:18","2019-09-13 08:36:18"
"800009","8","2019-03-01","1.913685","0.002963","2019-09-12 14:39:27","2019-09-12 14:39:27"
"800009","8","2019-03-02","1.913685","0.000000","2019-09-12 14:39:27","2019-09-12 14:39:27"
"800009","8","2019-03-03","1.913754","0.000036","2019-09-12 14:39:27","2019-09-12 14:39:27"
"800009","8","2019-03-04","1.922485","0.004562","2019-09-12 14:39:27","2019-09-12 14:39:27"
"800009","8","2019-03-05","1.928708","0.003237","2019-09-12 14:39:27","2019-09-12 14:39:27"
"800009","8","2019-03-06","1.931324","0.001356","2019-09-12 14:39:27","2019-09-12 14:39:27"
"800009","8","2019-03-07","1.931572","0.000128","2019-09-13 08:36:18","2019-09-13 08:36:18"
"800009","8","2019-03-08","1.926007","-0.002881","2019-09-12 14:39:27","2019-09-12 14:39:27"
"800009","8","2019-03-09","1.926007","0.000000","2019-09-12 14:39:27","2019-09-12 14:39:27"
"800009","8","2019-03-10","1.926019","0.000007","2019-09-13 08:36:18","2019-09-13 08:36:18"
"800009","8","2019-03-11","1.951307","0.013129","2019-09-12 14:39:27","2019-09-12 14:39:27"
"800009","8","2019-03-12","1.972815","0.011023","2019-09-12 14:39:27","2019-09-12 14:39:27"
"800009","8","2019-03-13","1.957022","-0.008005","2019-09-13 08:36:18","2019-09-13 08:36:18"
"800009","8","2019-03-14","1.943812","-0.006750","2019-09-12 14:39:27","2019-09-12 14:39:27"
"800009","8","2019-03-15","1.951483","0.003946","2019-09-13 08:36:18","2019-09-13 08:36:18"
"800009","8","2019-03-16","1.951483","0.000000","2019-09-13 08:36:18","2019-09-13 08:36:18"
"800009","8","2019-03-17","1.951496","0.000006","2019-09-12 14:39:27","2019-09-12 14:39:27"
"800009","8","2019-03-18","1.966633","0.007757","2019-09-12 14:39:27","2019-09-12 14:39:27"
"800009","8","2019-03-19","1.971932","0.002694","2019-09-12 14:39:27","2019-09-12 14:39:27"
"800009","8","2019-03-20","1.965060","-0.003485","2019-09-12 14:39:27","2019-09-12 14:39:27"
"800009","8","2019-03-21","1.974341","0.004723","2019-09-12 14:39:27","2019-09-12 14:39:27"
"800009","8","2019-03-22","1.972341","-0.001013","2019-09-12 14:39:27","2019-09-12 14:39:27"
"800009","8","2019-03-23","1.972341","0.000000","2019-09-12 14:39:27","2019-09-12 14:39:27"
"800009","8","2019-03-24","1.972355","0.000007","2019-09-12 14:39:27","2019-09-12 14:39:27"
"800009","8","2019-03-25","1.964140","-0.004165","2019-09-12 14:39:27","2019-09-12 14:39:27"
"800009","8","2019-03-26","1.953244","-0.005548","2019-09-12 14:39:27","2019-09-12 14:39:27"
"800009","8","2019-03-27","1.952070","-0.000601","2019-09-12 14:39:27","2019-09-12 14:39:27"
"800009","8","2019-03-28","1.944742","-0.003754","2019-09-13 08:36:18","2019-09-13 08:36:18"
"800009","8","2019-03-29","1.958656","0.007154","2019-09-12 14:39:27","2019-09-12 14:39:27"
"800009","8","2019-03-30","1.958656","0.000000","2019-09-12 14:39:27","2019-09-12 14:39:27"
"800009","8","2019-03-31","1.958645","-0.000005","2019-09-12 14:39:27","2019-09-12 14:39:27"
"800009","8","2019-04-01","1.983754","0.012820","2019-09-12 14:39:27","2019-09-12 14:39:27"
"800009","8","2019-04-02","1.989043","0.002666","2019-09-13 08:36:18","2019-09-13 08:36:18"
"800009","8","2019-04-03","1.992595","0.001786","2019-09-12 14:39:27","2019-09-12 14:39:27"
"800009","8","2019-04-04","1.993610","0.000509","2019-09-12 14:39:27","2019-09-12 14:39:27"
"800009","8","2019-04-05","1.993610","0.000000","2019-09-12 14:39:27","2019-09-12 14:39:27"
"800009","8","2019-04-06","1.993610","0.000000","2019-09-12 14:39:27","2019-09-12 14:39:27"
"800009","8","2019-04-07","1.993630","0.000010","2019-09-12 14:39:27","2019-09-12 14:39:27"
"800009","8","2019-04-08","1.991720","-0.000958","2019-09-13 08:36:18","2019-09-13 08:36:18"
"800009","8","2019-04-09","1.992377","0.000330","2019-09-12 14:39:27","2019-09-12 14:39:27"
"800009","8","2019-04-10","1.996228","0.001933","2019-09-12 14:39:27","2019-09-12 14:39:27"
"800009","8","2019-04-11","1.983876","-0.006188","2019-09-12 14:39:27","2019-09-12 14:39:27"
"800009","8","2019-04-12","1.982189","-0.000850","2019-09-12 14:39:27","2019-09-12 14:39:27"
"800009","8","2019-04-13","1.982189","0.000000","2019-09-12 14:39:27","2019-09-12 14:39:27"
"800009","8","2019-04-14","1.982198","0.000005","2019-09-12 14:39:27","2019-09-12 14:39:27"
"800009","8","2019-04-15","1.971154","-0.005572","2019-09-12 14:39:27","2019-09-12 14:39:27"
"800009","8","2019-04-16","1.983528","0.006278","2019-09-13 08:36:18","2019-09-13 08:36:18"
"800009","8","2019-04-17","1.984728","0.000605","2019-09-12 14:39:27","2019-09-12 14:39:27"
"800009","8","2019-04-18","1.973992","-0.005409","2019-09-12 14:39:27","2019-09-12 14:39:27"
"800009","8","2019-04-19","1.979551","0.002816","2019-09-12 14:39:27","2019-09-12 14:39:27"
"800009","8","2019-04-20","1.979551","0.000000","2019-09-12 14:39:27","2019-09-12 14:39:27"
"800009","8","2019-04-21","1.979564","0.000007","2019-09-12 14:39:27","2019-09-12 14:39:27"
"800009","8","2019-04-22","1.974871","-0.002371","2019-09-12 14:39:27","2019-09-12 14:39:27"
"800009","8","2019-04-23","1.973213","-0.000839","2019-09-12 14:39:27","2019-09-12 14:39:27"
"800009","8","2019-04-24","1.978661","0.002761","2019-09-12 14:39:27","2019-09-12 14:39:27"
"800009","8","2019-04-25","1.967244","-0.005770","2019-09-12 14:39:27","2019-09-12 14:39:27"
"800009","8","2019-04-26","1.960194","-0.003584","2019-09-12 14:39:27","2019-09-12 14:39:27"
"800009","8","2019-04-27","1.960194","0.000000","2019-09-12 14:39:27","2019-09-12 14:39:27"
"800009","8","2019-04-28","1.960209","0.000008","2019-09-12 14:39:27","2019-09-12 14:39:27"
"800009","8","2019-04-29","1.949414","-0.005507","2019-09-12 14:39:27","2019-09-12 14:39:27"
"800009","8","2019-04-30","1.957137","0.003962","2019-09-12 14:39:27","2019-09-12 14:39:27"
"800009","8","2019-05-01","1.957137","0.000000","2019-09-12 14:39:27","2019-09-12 14:39:27"
"800009","8","2019-05-02","1.957137","0.000000","2019-09-12 14:39:27","2019-09-12 14:39:27"
"800009","8","2019-05-03","1.957137","0.000000","2019-09-12 14:39:27","2019-09-12 14:39:27"
"800009","8","2019-05-04","1.957137","0.000000","2019-09-12 14:39:27","2019-09-12 14:39:27"
"800009","8","2019-05-05","1.957172","0.000018","2019-09-12 14:39:27","2019-09-12 14:39:27"
"800009","8","2019-05-06","1.920359","-0.018809","2019-09-12 14:39:27","2019-09-12 14:39:27"
"800009","8","2019-05-07","1.921148","0.000411","2019-09-13 08:36:18","2019-09-13 08:36:18"
"800009","8","2019-05-08","1.916981","-0.002169","2019-09-12 14:39:27","2019-09-12 14:39:27"
"800009","8","2019-05-09","1.905372","-0.006056","2019-09-12 14:39:27","2019-09-12 14:39:27"
"800009","8","2019-05-10","1.926636","0.011160","2019-09-12 14:39:27","2019-09-12 14:39:27"
"800009","8","2019-05-11","1.926636","0.000000","2019-09-12 14:39:27","2019-09-12 14:39:27"
"800009","8","2019-05-12","1.926699","0.000033","2019-09-12 14:39:27","2019-09-12 14:39:27"
"800009","8","2019-05-13","1.923555","-0.001632","2019-09-12 14:39:27","2019-09-12 14:39:27"
"800009","8","2019-05-14","1.923616","0.000032","2019-09-12 14:39:27","2019-09-12 14:39:27"
"800009","8","2019-05-15","1.939153","0.008077","2019-09-12 14:39:27","2019-09-12 14:39:27"
"800009","8","2019-05-16","1.943929","0.002463","2019-09-13 08:36:18","2019-09-13 08:36:18"
"800009","8","2019-05-17","1.927683","-0.008358","2019-09-12 14:39:27","2019-09-12 14:39:27"
"800009","8","2019-05-18","1.927683","0.000000","2019-09-12 14:39:27","2019-09-12 14:39:27"
"800009","8","2019-05-19","1.927745","0.000032","2019-09-12 14:39:27","2019-09-12 14:39:27"
"800009","8","2019-05-20","1.918359","-0.004869","2019-09-12 14:39:27","2019-09-12 14:39:27"
"800009","8","2019-05-21","1.925505","0.003725","2019-09-12 14:39:27","2019-09-12 14:39:27"
"800009","8","2019-05-22","1.921725","-0.001963","2019-09-13 08:36:18","2019-09-13 08:36:18"
"800009","8","2019-05-23","1.906115","-0.008123","2019-09-12 14:39:27","2019-09-12 14:39:27"
"800009","8","2019-05-24","1.909493","0.001772","2019-09-12 14:39:27","2019-09-12 14:39:27"
"800009","8","2019-05-25","1.909493","0.000000","2019-09-12 14:39:27","2019-09-12 14:39:27"
"800009","8","2019-05-26","1.909556","0.000033","2019-09-12 14:39:27","2019-09-12 14:39:27"
"800009","8","2019-05-27","1.916757","0.003771","2019-09-12 14:39:27","2019-09-12 14:39:27"
"800009","8","2019-05-28","1.921240","0.002339","2019-09-12 14:39:27","2019-09-12 14:39:27"
"800009","8","2019-05-29","1.920406","-0.000434","2019-09-12 14:39:27","2019-09-12 14:39:27"
"800009","8","2019-05-30","1.916861","-0.001846","2019-09-12 14:39:27","2019-09-12 14:39:27"
"800009","8","2019-05-31","1.918308","0.000755","2019-09-12 14:39:27","2019-09-12 14:39:27"
"800009","8","2019-06-01","1.918308","0.000000","2019-09-12 14:39:27","2019-09-12 14:39:27"
"800009","8","2019-06-02","1.918372","0.000033","2019-09-12 14:39:27","2019-09-12 14:39:27"
"800009","8","2019-06-03","1.919657","0.000670","2019-09-12 14:39:27","2019-09-12 14:39:27"
"800009","8","2019-06-04","1.916200","-0.001801","2019-09-12 14:39:27","2019-09-12 14:39:27"
"800009","8","2019-06-05","1.916866","0.000348","2019-09-12 14:39:27","2019-09-12 14:39:27"
"800009","8","2019-06-06","1.911059","-0.003029","2019-09-12 14:39:27","2019-09-12 14:39:27"
"800009","8","2019-06-07","1.911059","0.000000","2019-09-12 14:39:27","2019-09-12 14:39:27"
"800009","8","2019-06-08","1.911059","0.000000","2019-09-12 14:39:27","2019-09-12 14:39:27"
"800009","8","2019-06-09","1.911154","0.000049","2019-09-12 14:39:27","2019-09-12 14:39:27"
"800009","8","2019-06-10","1.922223","0.005792","2019-09-12 14:39:27","2019-09-12 14:39:27"
"800009","8","2019-06-11","1.939032","0.008744","2019-09-12 14:39:27","2019-09-12 14:39:27"
"800009","8","2019-06-12","1.934150","-0.002518","2019-09-12 14:39:27","2019-09-12 14:39:27"
"800009","8","2019-06-13","1.936877","0.001410","2019-09-12 14:39:27","2019-09-12 14:39:27"
"800009","8","2019-06-14","1.935615","-0.000651","2019-09-12 14:39:27","2019-09-12 14:39:27"
"800009","8","2019-06-15","1.935615","0.000000","2019-09-12 14:39:27","2019-09-12 14:39:27"
"800009","8","2019-06-16","1.935677","0.000032","2019-09-13 08:36:18","2019-09-13 08:36:18"
"800009","8","2019-06-17","1.928868","-0.003518","2019-09-13 08:36:18","2019-09-13 08:36:18"
"800009","8","2019-06-18","1.936241","0.003822","2019-09-12 14:39:27","2019-09-12 14:39:27"
"800009","8","2019-06-19","1.947739","0.005938","2019-09-12 14:39:27","2019-09-12 14:39:27"
"800009","8","2019-06-20","1.973307","0.013127","2019-09-12 14:39:27","2019-09-12 14:39:27"
"800009","8","2019-06-21","1.978672","0.002719","2019-09-12 14:39:27","2019-09-12 14:39:27"
"800009","8","2019-06-22","1.978672","0.000000","2019-09-12 14:39:27","2019-09-12 14:39:27"
"800009","8","2019-06-23","1.978737","0.000033","2019-09-12 14:39:27","2019-09-12 14:39:27"
"800009","8","2019-06-24","1.984046","0.002683","2019-09-12 14:39:27","2019-09-12 14:39:27"
"800009","8","2019-06-25","1.985747","0.000857","2019-09-12 14:39:27","2019-09-12 14:39:27"
"800009","8","2019-06-26","1.981392","-0.002193","2019-09-12 14:39:27","2019-09-12 14:39:27"
"800009","8","2019-06-27","1.991687","0.005196","2019-09-12 14:39:27","2019-09-12 14:39:27"
"800009","8","2019-06-28","1.989920","-0.000887","2019-09-12 14:39:27","2019-09-12 14:39:27"
"800009","8","2019-06-29","1.989920","0.000000","2019-09-12 14:39:27","2019-09-12 14:39:27"
"800009","8","2019-06-30","1.989897","-0.000012","2019-09-12 14:39:27","2019-09-12 14:39:27"
"800009","8","2019-07-01","1.995624","0.002878","2019-09-12 14:39:27","2019-09-12 14:39:27"
"800009","8","2019-07-02","1.999781","0.002083","2019-09-12 14:39:27","2019-09-12 14:39:27"
"800009","8","2019-07-03","2.005868","0.003044","2019-09-12 14:39:27","2019-09-12 14:39:27"
"800009","8","2019-07-04","1.998321","-0.003763","2019-09-12 14:39:27","2019-09-12 14:39:27"
"800009","8","2019-07-05","2.005096","0.003391","2019-09-12 14:39:27","2019-09-12 14:39:27"
"800009","8","2019-07-06","2.005096","0.000000","2019-09-12 14:39:27","2019-09-12 14:39:27"
"800009","8","2019-07-07","2.005126","0.000015","2019-09-12 14:39:27","2019-09-12 14:39:27"
"800009","8","2019-07-08","1.986102","-0.009488","2019-09-13 08:36:18","2019-09-13 08:36:18"
"800009","8","2019-07-09","1.981820","-0.002156","2019-09-12 14:39:27","2019-09-12 14:39:27"
"800009","8","2019-07-10","1.981331","-0.000247","2019-09-12 14:39:27","2019-09-12 14:39:27"
"800009","8","2019-07-11","1.987245","0.002985","2019-09-12 14:39:27","2019-09-12 14:39:27"
"800009","8","2019-07-12","1.988250","0.000506","2019-09-12 14:39:27","2019-09-12 14:39:27"
"800009","8","2019-07-13","1.988250","0.000000","2019-09-12 14:39:27","2019-09-12 14:39:27"
"800009","8","2019-07-14","1.988282","0.000016","2019-09-12 14:39:27","2019-09-12 14:39:27"
"800009","8","2019-07-15","1.992852","0.002299","2019-09-12 14:39:27","2019-09-12 14:39:27"
"800009","8","2019-07-16","1.990365","-0.001248","2019-09-12 14:39:27","2019-09-12 14:39:27"
"800009","8","2019-07-17","1.987790","-0.001294","2019-09-12 14:39:27","2019-09-12 14:39:27"
"800009","8","2019-07-18","1.980493","-0.003671","2019-09-12 14:39:27","2019-09-12 14:39:27"
"800009","8","2019-07-19","1.994780","0.007214","2019-09-13 08:36:18","2019-09-13 08:36:18"
"800009","8","2019-07-20","1.994780","0.000000","2019-09-13 08:36:18","2019-09-13 08:36:18"
"800009","8","2019-07-21","1.994812","0.000016","2019-09-12 14:39:27","2019-09-12 14:39:27"
"800009","8","2019-07-22","1.990923","-0.001950","2019-09-12 14:39:27","2019-09-12 14:39:27"
"800009","8","2019-07-23","1.990237","-0.000344","2019-09-13 08:36:18","2019-09-13 08:36:18"
"800009","8","2019-07-24","1.998991","0.004398","2019-09-13 08:36:18","2019-09-13 08:36:18"
"800009","8","2019-07-25","2.004551","0.002781","2019-09-12 14:39:27","2019-09-12 14:39:27"
"800009","8","2019-07-26","2.005014","0.000231","2019-09-12 14:39:27","2019-09-12 14:39:27"
"800009","8","2019-07-27","2.005014","0.000000","2019-09-12 14:39:27","2019-09-12 14:39:27"
"800009","8","2019-07-28","2.005046","0.000016","2019-09-12 14:39:27","2019-09-12 14:39:27"
"800009","8","2019-07-29","2.002651","-0.001194","2019-09-12 14:39:27","2019-09-12 14:39:27"
"800009","8","2019-07-30","2.006825","0.002084","2019-09-13 08:36:18","2019-09-13 08:36:18"
"800009","8","2019-07-31","2.002171","-0.002319","2019-09-12 14:39:27","2019-09-12 14:39:27"
"800009","8","2019-08-01","1.986786","-0.007684","2019-09-13 08:36:18","2019-09-13 08:36:18"
"800009","8","2019-08-02","1.986826","0.000020","2019-09-12 14:39:27","2019-09-12 14:39:27"
"800009","8","2019-08-03","1.986826","0.000000","2019-09-12 14:39:27","2019-09-12 14:39:27"
"800009","8","2019-08-04","1.986858","0.000016","2019-09-12 14:39:27","2019-09-12 14:39:27"
"800009","8","2019-08-05","1.984202","-0.001337","2019-09-12 14:39:27","2019-09-12 14:39:27"
"800009","8","2019-08-06","1.977030","-0.003615","2019-09-12 14:39:27","2019-09-12 14:39:27"
"800009","8","2019-08-07","1.984363","0.003709","2019-09-12 14:39:27","2019-09-12 14:39:27"
"800009","8","2019-08-08","1.999918","0.007839","2019-09-12 14:39:27","2019-09-12 14:39:27"
"800009","8","2019-08-09","1.993003","-0.003458","2019-09-12 14:39:27","2019-09-12 14:39:27"
"800009","8","2019-08-10","1.993003","0.000000","2019-09-12 14:39:27","2019-09-12 14:39:27"
"800009","8","2019-08-11","1.993034","0.000016","2019-09-12 14:39:27","2019-09-12 14:39:27"
"800009","8","2019-08-12","2.001531","0.004263","2019-09-12 14:39:27","2019-09-12 14:39:27"
"800009","8","2019-08-13","2.009123","0.003793","2019-09-12 14:39:27","2019-09-12 14:39:27"
"800009","8","2019-08-14","2.001166","-0.003960","2019-09-13 08:36:18","2019-09-13 08:36:18"
"800009","8","2019-08-15","2.007458","0.003144","2019-09-12 14:39:27","2019-09-12 14:39:27"
"800009","8","2019-08-16","2.015726","0.004119","2019-09-12 14:39:27","2019-09-12 14:39:27"
"800009","8","2019-08-17","2.015726","0.000000","2019-09-12 14:39:27","2019-09-12 14:39:27"
"800009","8","2019-08-18","2.015757","0.000015","2019-09-12 14:39:27","2019-09-12 14:39:27"
"800009","8","2019-08-19","2.032545","0.008328","2019-09-12 14:39:27","2019-09-12 14:39:27"
"800009","8","2019-08-20","2.029970","-0.001267","2019-09-12 14:39:27","2019-09-12 14:39:27"
"800009","8","2019-08-21","2.030692","0.000356","2019-09-12 14:39:27","2019-09-12 14:39:27"
"800009","8","2019-08-22","2.035727","0.002480","2019-09-12 14:39:27","2019-09-12 14:39:27"
"800009","8","2019-08-23","2.038087","0.001159","2019-09-12 14:39:27","2019-09-12 14:39:27"
"800009","8","2019-08-24","2.038087","0.000000","2019-09-12 14:39:27","2019-09-12 14:39:27"
"800009","8","2019-08-25","2.038119","0.000016","2019-09-13 08:36:18","2019-09-13 08:36:18"
"800009","8","2019-08-26","2.046142","0.003936","2019-09-12 14:39:27","2019-09-12 14:39:27"
"800009","8","2019-08-27","2.058771","0.006172","2019-09-12 14:39:27","2019-09-12 14:39:27"
"800009","8","2019-08-28","2.062262","0.001696","2019-09-12 14:39:27","2019-09-12 14:39:27"
"800009","8","2019-08-29","2.064281","0.000979","2019-09-12 14:39:27","2019-09-12 14:39:27"
"800009","8","2019-08-30","2.058643","-0.002731","2019-09-12 14:39:27","2019-09-12 14:39:27"
"800009","8","2019-08-31","2.058643","0.000000","2019-09-12 14:39:27","2019-09-12 14:39:27"
"800009","8","2019-09-01","2.058675","0.000016","2019-09-13 08:36:18","2019-09-13 08:36:18"
"800009","8","2019-09-02","2.067229","0.004155","2019-09-13 08:36:18","2019-09-13 08:36:18"
"800009","8","2019-09-03","2.068871","0.000794","2019-09-13 08:36:18","2019-09-13 08:36:18"
"800009","8","2019-09-04","2.080005","0.005381","2019-09-12 14:39:27","2019-09-12 14:39:27"
"800009","8","2019-09-05","2.088456","0.004063","2019-09-13 08:36:18","2019-09-13 08:36:18"
"800009","8","2019-09-06","2.076109","-0.005912","2019-09-13 08:36:18","2019-09-13 08:36:18"
"800009","8","2019-09-07","2.076109","0.000000","2019-09-13 08:36:18","2019-09-13 08:36:18"
"800009","8","2019-09-08","2.076141","0.000016","2019-09-13 08:36:18","2019-09-13 08:36:18"
"800009","8","2019-09-09","2.080383","0.002043","2019-09-13 08:36:18","2019-09-13 08:36:18"
"800009","8","2019-09-10","2.073944","-0.003095","2019-09-13 08:36:18","2019-09-13 08:36:18"
"800009","8","2019-09-11","2.069075","-0.002348","2019-09-13 08:36:18","2019-09-13 08:36:18"
"800009","8","2019-09-12","2.077298","0.003974","2019-09-13 08:36:18","2019-09-18 08:36:10"
"800009","8","2019-09-13","2.077298","0.000000","2019-09-14 08:35:57","2019-09-18 08:36:10"
"800009","8","2019-09-14","2.077298","0.000000","2019-09-15 08:35:49","2019-09-18 08:36:10"
"800009","8","2019-09-15","2.077331","0.000016","2019-09-16 08:35:35","2019-09-18 08:36:10"
"800009","8","2019-09-16","2.076923","-0.000197","2019-09-17 08:35:53","2019-09-19 08:35:57"
"800009","8","2019-09-17","2.062402","-0.006992","2019-09-18 08:36:11","2019-09-19 08:35:57"
"800009","8","2019-09-18","2.067573","0.002507","2019-09-19 08:35:58","2019-09-20 08:35:40"
"800009","8","2019-09-19","2.070498","0.001415","2019-09-20 08:35:40","2019-09-21 08:36:42"
"800009","8","2019-09-20","2.074009","0.001696","2019-09-21 08:36:43","2019-09-24 08:36:05"
"800009","8","2019-09-21","2.074009","0.000000","2019-09-22 08:36:19","2019-09-24 08:36:05"
"800009","8","2019-09-22","2.074031","0.000011","2019-09-23 08:35:38","2019-09-24 08:36:05"
"800009","8","2019-09-23","2.067546","-0.003127","2019-09-24 08:36:06","2019-09-25 08:36:35"
"800009","8","2019-09-24","2.071332","0.001832","2019-09-25 08:36:35","2019-09-26 17:37:05"
"800009","8","2019-09-25","2.064448","-0.003323","2019-09-26 17:37:05","2019-09-27 08:35:39"
"800009","8","2019-09-26","2.042559","-0.010603","2019-09-27 08:35:40","2019-09-30 08:36:35"
"800009","8","2019-09-27","2.043811","0.000613","2019-09-28 08:36:28","2019-10-01 08:35:37"
"800009","8","2019-09-28","2.043811","0.000000","2019-09-29 08:36:36","2019-10-01 08:35:37"
"800009","8","2019-09-29","2.043835","0.000012","2019-09-30 08:36:35","2019-10-01 08:35:37"
"800009","8","2019-09-30","2.038139","-0.002787","2019-10-01 08:35:37","2019-10-22 08:36:55"
"800009","8","2019-10-01","2.038139","0.000000","2019-10-02 08:36:02","2019-10-22 08:36:55"
"800009","8","2019-10-02","2.038139","0.000000","2019-10-03 08:36:18","2019-10-22 08:36:55"
"800009","8","2019-10-03","2.038139","0.000000","2019-10-04 08:36:11","2019-10-22 08:36:56"
"800009","8","2019-10-04","2.038139","0.000000","2019-10-05 08:36:10","2019-10-22 08:36:55"
"800009","8","2019-10-05","2.038139","0.000000","2019-10-06 08:36:24","2019-10-22 08:36:55"
"800009","8","2019-10-06","2.038139","0.000000","2019-10-07 08:36:16","2019-10-22 08:36:55"
"800009","8","2019-10-07","2.038219","0.000039","2019-10-08 08:36:58","2019-10-22 08:36:56"
"800009","8","2019-10-08","2.043281","0.002483","2019-10-09 08:36:21","2019-10-22 08:36:55"
"800009","8","2019-10-09","2.054336","0.005410","2019-10-10 08:36:06","2019-10-11 08:36:31"
"800009","8","2019-10-10","2.066367","0.005857","2019-10-11 08:36:32","2019-10-12 08:36:09"
"800009","8","2019-10-11","2.071792","0.002625","2019-10-12 08:36:09","2019-10-15 08:36:49"
"800009","8","2019-10-12","2.071792","0.000000","2019-10-13 08:36:28","2019-10-15 08:36:49"
"800009","8","2019-10-13","2.071813","0.000010","2019-10-14 08:35:55","2019-10-15 08:36:49"
"800009","8","2019-10-14","2.072134","0.000155","2019-10-15 08:36:50","2019-10-17 08:36:26"
"800009","8","2019-10-15","2.069198","-0.001417","2019-10-16 08:36:14","2019-10-17 08:36:26"
"800009","8","2019-10-16","2.065821","-0.001632","2019-10-17 08:36:27","2019-10-18 08:37:14"
"800009","8","2019-10-17","2.068247","0.001175","2019-10-18 08:37:15","2019-10-19 08:36:28"
"800009","8","2019-10-18","2.053929","-0.006923","2019-10-19 08:36:28","2019-10-22 08:36:55"
"800009","8","2019-10-19","2.053929","0.000000","2019-10-20 08:37:04","2019-10-22 08:36:55"
"800009","8","2019-10-20","2.053958","0.000014","2019-10-21 08:36:20","2019-10-22 08:36:55"
"800009","8","2019-10-21","2.052520","-0.000700","2019-10-22 08:36:56","2019-10-23 08:37:03"
"800009","8","2019-10-22","2.059403","0.003353","2019-10-23 08:37:04","2019-10-24 08:36:32"
"800009","8","2019-10-23","2.051781","-0.003701","2019-10-24 08:36:33","2019-10-25 08:36:25"
"800009","8","2019-10-24","2.050646","-0.000553","2019-10-25 08:36:26","2019-10-26 08:36:48"
"800009","8","2019-10-25","2.062535","0.005798","2019-10-26 08:36:49","2019-10-29 08:36:46"
"800009","8","2019-10-26","2.062535","0.000000","2019-10-27 08:36:55","2019-10-29 08:36:46"
"800009","8","2019-10-27","2.062565","0.000015","2019-10-28 08:36:59","2019-10-29 08:36:46"
"800009","8","2019-10-28","2.075409","0.006227","2019-10-29 08:36:47","2019-10-30 08:37:36"
"800009","8","2019-10-29","2.064373","-0.005317","2019-10-30 08:37:36","2019-10-31 08:37:00"
"800009","8","2019-10-30","2.054788","-0.004643","2019-10-31 08:37:00","2019-11-01 08:37:42"
"800009","8","2019-10-31","2.052050","-0.001333","2019-11-01 08:37:42","2019-11-02 08:36:31"
"800009","8","2019-11-01","2.068735","0.008131","2019-11-02 08:36:31","2019-11-05 08:38:13"
"800009","8","2019-11-02","2.068735","0.000000","2019-11-03 08:36:34","2019-11-05 08:38:13"
"800009","8","2019-11-03","2.068735","0.000000","2019-11-04 08:36:54","2019-11-05 08:38:13"
"800009","8","2019-11-04","2.075412","0.003227","2019-11-05 08:38:13","2019-11-05 08:38:13"
