"PO.QM0010","8","2017-01-20","0.997009","0.000000","2019-07-08 13:25:54","2019-07-08 13:25:54"
"PO.QM0010","8","2017-01-21","0.997009","0.000000","2019-07-08 13:25:54","2019-07-08 13:25:54"
"PO.QM0010","8","2017-01-22","0.997009","0.000000","2019-07-08 13:25:54","2019-07-08 13:25:54"
"PO.QM0010","8","2017-01-23","0.998152","0.001147","2019-07-08 13:25:54","2019-07-08 13:25:54"
"PO.QM0010","8","2017-01-24","0.998115","-0.000037","2019-07-08 13:25:54","2019-07-08 13:25:54"
"PO.QM0010","8","2017-01-25","0.999383","0.001270","2019-07-08 13:25:54","2019-07-08 13:25:54"
"PO.QM0010","8","2017-01-26","1.000114","0.000731","2019-07-08 13:25:54","2019-07-08 13:25:54"
"PO.QM0010","8","2017-01-27","1.000114","0.000000","2019-07-08 13:25:54","2019-07-08 13:25:54"
"PO.QM0010","8","2017-01-28","1.000114","0.000000","2019-07-08 13:25:54","2019-07-08 13:25:54"
"PO.QM0010","8","2017-01-29","1.000114","0.000000","2019-07-08 13:25:54","2019-07-08 13:25:54"
"PO.QM0010","8","2017-01-30","1.000114","0.000000","2019-07-08 13:25:54","2019-07-08 13:25:54"
"PO.QM0010","8","2017-01-31","1.000114","0.000000","2019-07-08 13:25:54","2019-07-08 13:25:54"
"PO.QM0010","8","2017-02-01","1.000114","0.000000","2019-07-08 13:25:54","2019-07-08 13:25:54"
"PO.QM0010","8","2017-02-02","1.000114","0.000000","2019-07-08 13:25:54","2019-07-08 13:25:54"
"PO.QM0010","8","2017-02-03","0.999312","-0.000802","2019-07-08 13:25:54","2019-07-08 13:25:54"
"PO.QM0010","8","2017-02-04","0.999312","0.000000","2019-07-08 13:25:54","2019-07-08 13:25:54"
"PO.QM0010","8","2017-02-05","0.999312","0.000000","2019-07-08 13:25:54","2019-07-08 13:25:54"
"PO.QM0010","8","2017-02-06","0.999451","0.000139","2019-07-08 13:25:54","2019-07-08 13:25:54"
"PO.QM0010","8","2017-02-07","0.999071","-0.000380","2019-07-08 13:25:54","2019-07-08 13:25:54"
"PO.QM0010","8","2017-02-08","1.000384","0.001314","2019-07-08 13:25:54","2019-07-08 13:25:54"
"PO.QM0010","8","2017-02-09","1.001565","0.001181","2019-07-08 13:25:54","2019-07-08 13:25:54"
"PO.QM0010","8","2017-02-10","1.002342","0.000776","2019-07-08 13:25:54","2019-07-08 13:25:54"
"PO.QM0010","8","2017-02-11","1.002342","0.000000","2019-07-08 13:25:54","2019-07-08 13:25:54"
"PO.QM0010","8","2017-02-12","1.002342","0.000000","2019-07-08 13:25:54","2019-07-08 13:25:54"
"PO.QM0010","8","2017-02-13","1.004355","0.002008","2019-07-08 13:25:54","2019-07-08 13:25:54"
"PO.QM0010","8","2017-02-14","1.004018","-0.000336","2019-07-08 13:25:54","2019-07-08 13:25:54"
"PO.QM0010","8","2017-02-15","1.003628","-0.000388","2019-07-08 13:25:54","2019-07-08 13:25:54"
"PO.QM0010","8","2017-02-16","1.004535","0.000904","2019-07-08 13:25:54","2019-07-08 13:25:54"
"PO.QM0010","8","2017-02-17","1.003701","-0.000830","2019-07-08 13:25:54","2019-07-08 13:25:54"
"PO.QM0010","8","2017-02-18","1.003701","0.000000","2019-07-08 13:25:54","2019-07-08 13:25:54"
"PO.QM0010","8","2017-02-19","1.003701","0.000000","2019-07-08 13:25:54","2019-07-08 13:25:54"
"PO.QM0010","8","2017-02-20","1.006310","0.002600","2019-07-08 13:25:54","2019-07-08 13:25:54"
"PO.QM0010","8","2017-02-21","1.007175","0.000860","2019-07-08 13:25:54","2019-07-08 13:25:54"
"PO.QM0010","8","2017-02-22","1.008383","0.001199","2019-07-08 13:25:54","2019-07-08 13:25:54"
"PO.QM0010","8","2017-02-23","1.007921","-0.000459","2019-07-08 13:25:54","2019-07-08 13:25:54"
"PO.QM0010","8","2017-02-24","1.006589","-0.001321","2019-07-08 13:25:54","2019-07-08 13:25:54"
"PO.QM0010","8","2017-02-25","1.006589","0.000000","2019-07-08 13:25:54","2019-07-08 13:25:54"
"PO.QM0010","8","2017-02-26","1.006589","0.000000","2019-07-08 13:25:54","2019-07-08 13:25:54"
"PO.QM0010","8","2017-02-27","1.007133","0.000540","2019-07-08 13:25:54","2019-07-08 13:25:54"
"PO.QM0010","8","2017-02-28","1.007380","0.000246","2019-07-08 13:25:54","2019-07-08 13:25:54"
"PO.QM0010","8","2017-03-01","1.008803","0.001412","2019-07-08 13:25:54","2019-07-08 13:25:54"
"PO.QM0010","8","2017-03-02","1.007437","-0.001354","2019-07-08 13:25:54","2019-07-08 13:25:54"
"PO.QM0010","8","2017-03-03","1.007688","0.000250","2019-07-08 13:25:54","2019-07-08 13:25:54"
"PO.QM0010","8","2017-03-04","1.007688","0.000000","2019-07-08 13:25:54","2019-07-08 13:25:54"
"PO.QM0010","8","2017-03-05","1.007688","0.000000","2019-07-08 13:25:54","2019-07-08 13:25:54"
"PO.QM0010","8","2017-03-06","1.008922","0.001225","2019-07-08 13:25:54","2019-07-08 13:25:54"
"PO.QM0010","8","2017-03-07","1.010294","0.001360","2019-07-08 13:25:54","2019-07-08 13:25:54"
"PO.QM0010","8","2017-03-08","1.009991","-0.000300","2019-07-08 13:25:54","2019-07-08 13:25:54"
"PO.QM0010","8","2017-03-09","1.008926","-0.001054","2019-07-08 13:25:54","2019-07-08 13:25:54"
"PO.QM0010","8","2017-03-10","1.010437","0.001498","2019-07-08 13:25:54","2019-07-08 13:25:54"
"PO.QM0010","8","2017-03-11","1.010437","0.000000","2019-07-08 13:25:54","2019-07-08 13:25:54"
"PO.QM0010","8","2017-03-12","1.010437","0.000000","2019-07-08 13:25:54","2019-07-08 13:25:54"
"PO.QM0010","8","2017-03-13","1.012939","0.002477","2019-07-08 13:25:54","2019-07-08 13:25:54"
"PO.QM0010","8","2017-03-14","1.012815","-0.000122","2019-07-08 13:25:54","2019-07-08 13:25:54"
"PO.QM0010","8","2017-03-15","1.013734","0.000907","2019-07-08 13:25:54","2019-07-08 13:25:54"
"PO.QM0010","8","2017-03-16","1.015468","0.001710","2019-07-08 13:25:54","2019-07-08 13:25:54"
"PO.QM0010","8","2017-03-17","1.013217","-0.002216","2019-07-08 13:25:54","2019-07-08 13:25:54"
"PO.QM0010","8","2017-03-18","1.013217","0.000000","2019-07-08 13:25:54","2019-07-08 13:25:54"
"PO.QM0010","8","2017-03-19","1.013217","0.000000","2019-07-08 13:25:54","2019-07-08 13:25:54"
"PO.QM0010","8","2017-03-20","1.014471","0.001237","2019-07-08 13:25:54","2019-07-08 13:25:54"
"PO.QM0010","8","2017-03-21","1.015615","0.001128","2019-07-08 13:25:54","2019-07-08 13:25:54"
"PO.QM0010","8","2017-03-22","1.015071","-0.000536","2019-07-08 13:25:54","2019-07-08 13:25:54"
"PO.QM0010","8","2017-03-23","1.015787","0.000705","2019-07-08 13:25:54","2019-07-08 13:25:54"
"PO.QM0010","8","2017-03-24","1.016660","0.000859","2019-07-08 13:25:54","2019-07-08 13:25:54"
"PO.QM0010","8","2017-03-25","1.016660","0.000000","2019-07-08 13:25:54","2019-07-08 13:25:54"
"PO.QM0010","8","2017-03-26","1.016660","0.000000","2019-07-08 13:25:54","2019-07-08 13:25:54"
"PO.QM0010","8","2017-03-27","1.015819","-0.000827","2019-07-08 13:25:54","2019-07-08 13:25:54"
"PO.QM0010","8","2017-03-28","1.016055","0.000232","2019-07-08 13:25:54","2019-07-08 13:25:54"
"PO.QM0010","8","2017-03-29","1.016121","0.000066","2019-07-08 13:25:54","2019-07-08 13:25:54"
"PO.QM0010","8","2017-03-30","1.014172","-0.001918","2019-07-08 13:25:54","2019-07-08 13:25:54"
"PO.QM0010","8","2017-03-31","1.015972","0.001774","2019-07-08 13:25:54","2019-07-08 13:25:54"
"PO.QM0010","8","2017-04-01","1.015972","0.000000","2019-07-08 13:25:54","2019-07-08 13:25:54"
"PO.QM0010","8","2017-04-02","1.015972","0.000000","2019-07-08 13:25:54","2019-07-08 13:25:54"
"PO.QM0010","8","2017-04-03","1.015972","0.000000","2019-07-08 13:25:54","2019-07-08 13:25:54"
"PO.QM0010","8","2017-04-04","1.015972","0.000000","2019-07-08 13:25:54","2019-07-08 13:25:54"
"PO.QM0010","8","2017-04-05","1.018875","0.002858","2019-07-08 13:25:54","2019-07-08 13:25:54"
"PO.QM0010","8","2017-04-06","1.018937","0.000061","2019-07-08 13:25:54","2019-07-08 13:25:54"
"PO.QM0010","8","2017-04-07","1.019350","0.000405","2019-07-08 13:25:54","2019-07-08 13:25:54"
"PO.QM0010","8","2017-04-08","1.019350","0.000000","2019-07-08 13:25:54","2019-07-08 13:25:54"
"PO.QM0010","8","2017-04-09","1.019350","0.000000","2019-07-08 13:25:54","2019-07-08 13:25:54"
"PO.QM0010","8","2017-04-10","1.017068","-0.002239","2019-07-08 13:25:54","2019-07-08 13:25:54"
"PO.QM0010","8","2017-04-11","1.016277","-0.000777","2019-07-08 13:25:54","2019-07-08 13:25:54"
"PO.QM0010","8","2017-04-12","1.015937","-0.000335","2019-07-08 13:25:54","2019-07-08 13:25:54"
"PO.QM0010","8","2017-04-13","1.016862","0.000911","2019-07-08 13:25:54","2019-07-08 13:25:54"
"PO.QM0010","8","2017-04-14","1.014352","-0.002469","2019-07-08 13:25:54","2019-07-08 13:25:54"
"PO.QM0010","8","2017-04-15","1.014352","0.000000","2019-07-08 13:25:54","2019-07-08 13:25:54"
"PO.QM0010","8","2017-04-16","1.014352","0.000000","2019-07-08 13:25:54","2019-07-08 13:25:54"
"PO.QM0010","8","2017-04-17","1.015029","0.000668","2019-07-08 13:25:54","2019-07-08 13:25:54"
"PO.QM0010","8","2017-04-18","1.015320","0.000287","2019-07-08 13:25:54","2019-07-08 13:25:54"
"PO.QM0010","8","2017-04-19","1.015897","0.000568","2019-07-08 13:25:54","2019-07-08 13:25:54"
"PO.QM0010","8","2017-04-20","1.018506","0.002568","2019-07-08 13:25:54","2019-07-08 13:25:54"
"PO.QM0010","8","2017-04-21","1.017785","-0.000708","2019-07-08 13:25:54","2019-07-08 13:25:54"
"PO.QM0010","8","2017-04-22","1.017785","0.000000","2019-07-08 13:25:54","2019-07-08 13:25:54"
"PO.QM0010","8","2017-04-23","1.017785","0.000000","2019-07-08 13:25:54","2019-07-08 13:25:54"
"PO.QM0010","8","2017-04-24","1.015482","-0.002262","2019-07-08 13:25:54","2019-07-08 13:25:54"
"PO.QM0010","8","2017-04-25","1.018456","0.002928","2019-07-08 13:25:54","2019-07-08 13:25:54"
"PO.QM0010","8","2017-04-26","1.018645","0.000186","2019-07-08 13:25:54","2019-07-08 13:25:54"
"PO.QM0010","8","2017-04-27","1.020431","0.001752","2019-07-08 13:25:54","2019-07-08 13:25:54"
"PO.QM0010","8","2017-04-28","1.018586","-0.001807","2019-07-08 13:25:54","2019-07-08 13:25:54"
"PO.QM0010","8","2017-04-29","1.018586","0.000000","2019-07-08 13:25:54","2019-07-08 13:25:54"
"PO.QM0010","8","2017-04-30","1.018586","0.000000","2019-07-08 13:25:54","2019-07-08 13:25:54"
"PO.QM0010","8","2017-05-01","1.018586","0.000000","2019-07-08 13:25:54","2019-07-08 13:25:54"
"PO.QM0010","8","2017-05-02","1.018221","-0.000359","2019-07-08 13:25:54","2019-07-08 13:25:54"
"PO.QM0010","8","2017-05-03","1.017594","-0.000616","2019-07-08 13:25:54","2019-07-08 13:25:54"
"PO.QM0010","8","2017-05-04","1.017243","-0.000345","2019-07-08 13:25:54","2019-07-08 13:25:54"
"PO.QM0010","8","2017-05-05","1.016004","-0.001218","2019-07-08 13:25:54","2019-07-08 13:25:54"
"PO.QM0010","8","2017-05-06","1.016004","0.000000","2019-07-08 13:25:54","2019-07-08 13:25:54"
"PO.QM0010","8","2017-05-07","1.016004","0.000000","2019-07-08 13:25:54","2019-07-08 13:25:54"
"PO.QM0010","8","2017-05-08","1.013604","-0.002362","2019-07-08 13:25:54","2019-07-08 13:25:54"
"PO.QM0010","8","2017-05-09","1.014709","0.001090","2019-07-08 13:25:54","2019-07-08 13:25:54"
"PO.QM0010","8","2017-05-10","1.014465","-0.000240","2019-07-08 13:25:54","2019-07-08 13:25:54"
"PO.QM0010","8","2017-05-11","1.016027","0.001540","2019-07-08 13:25:54","2019-07-08 13:25:54"
"PO.QM0010","8","2017-05-12","1.017003","0.000960","2019-07-08 13:25:54","2019-07-08 13:25:54"
"PO.QM0010","8","2017-05-13","1.017003","0.000000","2019-07-08 13:25:54","2019-07-08 13:25:54"
"PO.QM0010","8","2017-05-14","1.017003","0.000000","2019-07-08 13:25:54","2019-07-08 13:25:54"
"PO.QM0010","8","2017-05-15","1.019381","0.002339","2019-07-08 13:25:54","2019-07-08 13:25:54"
"PO.QM0010","8","2017-05-16","1.022141","0.002708","2019-07-08 13:25:54","2019-07-08 13:25:54"
"PO.QM0010","8","2017-05-17","1.020211","-0.001889","2019-07-08 13:25:54","2019-07-08 13:25:54"
"PO.QM0010","8","2017-05-18","1.019116","-0.001073","2019-07-08 13:25:54","2019-07-08 13:25:54"
"PO.QM0010","8","2017-05-19","1.020882","0.001733","2019-07-08 13:25:54","2019-07-08 13:25:54"
"PO.QM0010","8","2017-05-20","1.020882","0.000000","2019-07-08 13:25:54","2019-07-08 13:25:54"
"PO.QM0010","8","2017-05-21","1.020882","0.000000","2019-07-08 13:25:54","2019-07-08 13:25:54"
"PO.QM0010","8","2017-05-22","1.020897","0.000014","2019-07-08 13:25:54","2019-07-08 13:25:54"
"PO.QM0010","8","2017-05-23","1.020439","-0.000449","2019-07-08 13:25:54","2019-07-08 13:25:54"
"PO.QM0010","8","2017-05-24","1.020491","0.000051","2019-07-08 13:25:54","2019-07-08 13:25:54"
"PO.QM0010","8","2017-05-25","1.022406","0.001877","2019-07-08 13:25:54","2019-07-08 13:25:54"
"PO.QM0010","8","2017-05-26","1.022786","0.000371","2019-07-08 13:25:54","2019-07-08 13:25:54"
"PO.QM0010","8","2017-05-27","1.022786","0.000000","2019-07-08 13:25:54","2019-07-08 13:25:54"
"PO.QM0010","8","2017-05-28","1.022786","0.000000","2019-07-08 13:25:54","2019-07-08 13:25:54"
"PO.QM0010","8","2017-05-29","1.022786","0.000000","2019-07-08 13:25:54","2019-07-08 13:25:54"
"PO.QM0010","8","2017-05-30","1.022786","0.000000","2019-07-08 13:25:54","2019-07-08 13:25:54"
"PO.QM0010","8","2017-05-31","1.023301","0.000503","2019-07-08 13:25:54","2019-07-08 13:25:54"
"PO.QM0010","8","2017-06-01","1.021927","-0.001342","2019-07-08 13:25:54","2019-07-08 13:25:54"
"PO.QM0010","8","2017-06-02","1.021429","-0.000487","2019-07-08 13:25:54","2019-07-08 13:25:54"
"PO.QM0010","8","2017-06-03","1.021429","0.000000","2019-07-08 13:25:54","2019-07-08 13:25:54"
"PO.QM0010","8","2017-06-04","1.021429","0.000000","2019-07-08 13:25:54","2019-07-08 13:25:54"
"PO.QM0010","8","2017-06-05","1.021129","-0.000294","2019-07-08 13:25:54","2019-07-08 13:25:54"
"PO.QM0010","8","2017-06-06","1.022834","0.001670","2019-07-08 13:25:54","2019-07-08 13:25:54"
"PO.QM0010","8","2017-06-07","1.026565","0.003648","2019-07-08 13:25:54","2019-07-08 13:25:54"
"PO.QM0010","8","2017-06-08","1.029370","0.002732","2019-07-08 13:25:54","2019-07-08 13:25:54"
"PO.QM0010","8","2017-06-09","1.030336","0.000939","2019-07-08 13:25:54","2019-07-08 13:25:54"
"PO.QM0010","8","2017-06-10","1.030336","0.000000","2019-07-08 13:25:54","2019-07-08 13:25:54"
"PO.QM0010","8","2017-06-11","1.030336","0.000000","2019-07-08 13:25:54","2019-07-08 13:25:54"
"PO.QM0010","8","2017-06-12","1.030789","0.000440","2019-07-08 13:25:54","2019-07-08 13:25:54"
"PO.QM0010","8","2017-06-13","1.032958","0.002105","2019-07-08 13:25:54","2019-07-08 13:25:54"
"PO.QM0010","8","2017-06-14","1.030806","-0.002084","2019-07-08 13:25:54","2019-07-08 13:25:54"
"PO.QM0010","8","2017-06-15","1.029952","-0.000828","2019-07-08 13:25:54","2019-07-08 13:25:54"
"PO.QM0010","8","2017-06-16","1.030183","0.000224","2019-07-08 13:25:54","2019-07-08 13:25:54"
"PO.QM0010","8","2017-06-17","1.030183","0.000000","2019-07-08 13:25:54","2019-07-08 13:25:54"
"PO.QM0010","8","2017-06-18","1.030183","0.000000","2019-07-08 13:25:54","2019-07-08 13:25:54"
"PO.QM0010","8","2017-06-19","1.033482","0.003203","2019-07-08 13:25:54","2019-07-08 13:25:54"
"PO.QM0010","8","2017-06-20","1.033104","-0.000366","2019-07-08 13:25:54","2019-07-08 13:25:54"
"PO.QM0010","8","2017-06-21","1.037359","0.004119","2019-07-08 13:25:54","2019-07-08 13:25:54"
"PO.QM0010","8","2017-06-22","1.035313","-0.001973","2019-07-08 13:25:54","2019-07-08 13:25:54"
"PO.QM0010","8","2017-06-23","1.039048","0.003608","2019-07-08 13:25:54","2019-07-08 13:25:54"
"PO.QM0010","8","2017-06-24","1.039048","0.000000","2019-07-08 13:25:54","2019-07-08 13:25:54"
"PO.QM0010","8","2017-06-25","1.039048","0.000000","2019-07-08 13:25:54","2019-07-08 13:25:54"
"PO.QM0010","8","2017-06-26","1.042682","0.003497","2019-07-08 13:25:54","2019-07-08 13:25:54"
"PO.QM0010","8","2017-06-27","1.043567","0.000849","2019-07-08 13:25:54","2019-07-08 13:25:54"
"PO.QM0010","8","2017-06-28","1.040973","-0.002486","2019-07-08 13:25:54","2019-07-08 13:25:54"
"PO.QM0010","8","2017-06-29","1.042797","0.001753","2019-07-08 13:25:54","2019-07-08 13:25:54"
"PO.QM0010","8","2017-06-30","1.042669","-0.000123","2019-07-08 13:25:54","2019-07-08 13:25:54"
"PO.QM0010","8","2017-07-01","1.042669","0.000000","2019-07-08 13:25:54","2019-07-08 13:25:54"
"PO.QM0010","8","2017-07-02","1.042669","0.000000","2019-07-08 13:25:54","2019-07-08 13:25:54"
"PO.QM0010","8","2017-07-03","1.041765","-0.000867","2019-07-08 13:25:54","2019-07-08 13:25:54"
"PO.QM0010","8","2017-07-04","1.039315","-0.002351","2019-07-08 13:25:54","2019-07-08 13:25:54"
"PO.QM0010","8","2017-07-05","1.043034","0.003578","2019-07-08 13:25:54","2019-07-08 13:25:54"
"PO.QM0010","8","2017-07-06","1.042507","-0.000505","2019-07-08 13:25:54","2019-07-08 13:25:54"
"PO.QM0010","8","2017-07-07","1.040410","-0.002011","2019-07-08 13:25:54","2019-07-08 13:25:54"
"PO.QM0010","8","2017-07-08","1.040410","0.000000","2019-07-08 13:25:54","2019-07-08 13:25:54"
"PO.QM0010","8","2017-07-09","1.040410","0.000000","2019-07-08 13:25:54","2019-07-08 13:25:54"
"PO.QM0010","8","2017-07-10","1.040641","0.000222","2019-07-08 13:25:54","2019-07-08 13:25:54"
"PO.QM0010","8","2017-07-11","1.044410","0.003622","2019-07-08 13:25:54","2019-07-08 13:25:54"
"PO.QM0010","8","2017-07-12","1.043351","-0.001014","2019-07-08 13:25:54","2019-07-08 13:25:54"
"PO.QM0010","8","2017-07-13","1.044938","0.001521","2019-07-08 13:25:54","2019-07-08 13:25:54"
"PO.QM0010","8","2017-07-14","1.045905","0.000925","2019-07-08 13:25:54","2019-07-08 13:25:54"
"PO.QM0010","8","2017-07-15","1.045905","0.000000","2019-07-08 13:25:54","2019-07-08 13:25:54"
"PO.QM0010","8","2017-07-16","1.045905","0.000000","2019-07-08 13:25:54","2019-07-08 13:25:54"
"PO.QM0010","8","2017-07-17","1.041847","-0.003880","2019-07-08 13:25:54","2019-07-08 13:25:54"
"PO.QM0010","8","2017-07-18","1.042006","0.000153","2019-07-08 13:25:54","2019-07-08 13:25:54"
"PO.QM0010","8","2017-07-19","1.044986","0.002860","2019-07-08 13:25:54","2019-07-08 13:25:54"
"PO.QM0010","8","2017-07-20","1.046389","0.001342","2019-07-08 13:25:54","2019-07-08 13:25:54"
"PO.QM0010","8","2017-07-21","1.045871","-0.000494","2019-07-08 13:25:54","2019-07-08 13:25:54"
"PO.QM0010","8","2017-07-22","1.045871","0.000000","2019-07-08 13:25:54","2019-07-08 13:25:54"
"PO.QM0010","8","2017-07-23","1.045871","0.000000","2019-07-08 13:25:54","2019-07-08 13:25:54"
"PO.QM0010","8","2017-07-24","1.047356","0.001419","2019-07-08 13:25:54","2019-07-08 13:25:54"
"PO.QM0010","8","2017-07-25","1.047089","-0.000255","2019-07-08 13:25:54","2019-07-08 13:25:54"
"PO.QM0010","8","2017-07-26","1.045850","-0.001183","2019-07-08 13:25:54","2019-07-08 13:25:54"
"PO.QM0010","8","2017-07-27","1.046690","0.000803","2019-07-08 13:25:54","2019-07-08 13:25:54"
"PO.QM0010","8","2017-07-28","1.047981","0.001233","2019-07-08 13:25:54","2019-07-08 13:25:54"
"PO.QM0010","8","2017-07-29","1.047981","0.000000","2019-07-08 13:25:54","2019-07-08 13:25:54"
"PO.QM0010","8","2017-07-30","1.047981","0.000000","2019-07-08 13:25:54","2019-07-08 13:25:54"
"PO.QM0010","8","2017-07-31","1.049519","0.001468","2019-07-08 13:25:54","2019-07-08 13:25:54"
"PO.QM0010","8","2017-08-01","1.050351","0.000793","2019-07-08 13:25:54","2019-07-08 13:25:54"
"PO.QM0010","8","2017-08-02","1.050365","0.000014","2019-07-08 13:25:54","2019-07-08 13:25:54"
"PO.QM0010","8","2017-08-03","1.048943","-0.001354","2019-07-08 13:25:54","2019-07-08 13:25:54"
"PO.QM0010","8","2017-08-04","1.048285","-0.000627","2019-07-08 13:25:54","2019-07-08 13:25:54"
"PO.QM0010","8","2017-08-05","1.048285","0.000000","2019-07-08 13:25:54","2019-07-08 13:25:54"
"PO.QM0010","8","2017-08-06","1.048285","0.000000","2019-07-08 13:25:54","2019-07-08 13:25:54"
"PO.QM0010","8","2017-08-07","1.050947","0.002540","2019-07-08 13:25:54","2019-07-08 13:25:54"
"PO.QM0010","8","2017-08-08","1.052695","0.001663","2019-07-08 13:25:54","2019-07-08 13:25:54"
"PO.QM0010","8","2017-08-09","1.054376","0.001596","2019-07-08 13:25:54","2019-07-08 13:25:54"
"PO.QM0010","8","2017-08-10","1.051572","-0.002659","2019-07-08 13:25:54","2019-07-08 13:25:54"
"PO.QM0010","8","2017-08-11","1.047388","-0.003979","2019-07-08 13:25:54","2019-07-08 13:25:54"
"PO.QM0010","8","2017-08-12","1.047388","0.000000","2019-07-08 13:25:54","2019-07-08 13:25:54"
"PO.QM0010","8","2017-08-13","1.047388","0.000000","2019-07-08 13:25:54","2019-07-08 13:25:54"
"PO.QM0010","8","2017-08-14","1.051858","0.004268","2019-07-08 13:25:54","2019-07-08 13:25:54"
"PO.QM0010","8","2017-08-15","1.052379","0.000495","2019-07-08 13:25:54","2019-07-08 13:25:54"
"PO.QM0010","8","2017-08-16","1.053828","0.001377","2019-07-08 13:25:54","2019-07-08 13:25:54"
"PO.QM0010","8","2017-08-17","1.053608","-0.000209","2019-07-08 13:25:54","2019-07-08 13:25:54"
"PO.QM0010","8","2017-08-18","1.053227","-0.000362","2019-07-08 13:25:54","2019-07-08 13:25:54"
"PO.QM0010","8","2017-08-19","1.053227","0.000000","2019-07-08 13:25:54","2019-07-08 13:25:54"
"PO.QM0010","8","2017-08-20","1.053227","0.000000","2019-07-08 13:25:54","2019-07-08 13:25:54"
"PO.QM0010","8","2017-08-21","1.054276","0.000996","2019-07-08 13:25:54","2019-07-08 13:25:54"
"PO.QM0010","8","2017-08-22","1.054962","0.000651","2019-07-08 13:25:54","2019-07-08 13:25:54"
"PO.QM0010","8","2017-08-23","1.054381","-0.000551","2019-07-08 13:25:54","2019-07-08 13:25:54"
"PO.QM0010","8","2017-08-24","1.053645","-0.000698","2019-07-08 13:25:54","2019-07-08 13:25:54"
"PO.QM0010","8","2017-08-25","1.056025","0.002258","2019-07-08 13:25:54","2019-07-08 13:25:54"
"PO.QM0010","8","2017-08-26","1.056025","0.000000","2019-07-08 13:25:54","2019-07-08 13:25:54"
"PO.QM0010","8","2017-08-27","1.056025","0.000000","2019-07-08 13:25:54","2019-07-08 13:25:54"
"PO.QM0010","8","2017-08-28","1.056864","0.000795","2019-07-08 13:25:54","2019-07-08 13:25:54"
"PO.QM0010","8","2017-08-29","1.056560","-0.000287","2019-07-08 13:25:54","2019-07-08 13:25:54"
"PO.QM0010","8","2017-08-30","1.056242","-0.000301","2019-07-08 13:25:54","2019-07-08 13:25:54"
"PO.QM0010","8","2017-08-31","1.056397","0.000147","2019-07-08 13:25:54","2019-07-08 13:25:54"
"PO.QM0010","8","2017-09-01","1.057396","0.000946","2019-07-08 13:25:54","2019-07-08 13:25:54"
"PO.QM0010","8","2017-09-02","1.057396","0.000000","2019-07-08 13:25:54","2019-07-08 13:25:54"
"PO.QM0010","8","2017-09-03","1.057396","0.000000","2019-07-08 13:25:54","2019-07-08 13:25:54"
"PO.QM0010","8","2017-09-04","1.058676","0.001210","2019-07-08 13:25:54","2019-07-08 13:25:54"
"PO.QM0010","8","2017-09-05","1.059566","0.000841","2019-07-08 13:25:54","2019-07-08 13:25:54"
"PO.QM0010","8","2017-09-06","1.058825","-0.000699","2019-07-08 13:25:54","2019-07-08 13:25:54"
"PO.QM0010","8","2017-09-07","1.058087","-0.000697","2019-07-08 13:25:54","2019-07-08 13:25:54"
"PO.QM0010","8","2017-09-08","1.058434","0.000328","2019-07-08 13:25:54","2019-07-08 13:25:54"
"PO.QM0010","8","2017-09-09","1.058434","0.000000","2019-07-08 13:25:54","2019-07-08 13:25:54"
"PO.QM0010","8","2017-09-10","1.058434","0.000000","2019-07-08 13:25:54","2019-07-08 13:25:54"
"PO.QM0010","8","2017-09-11","1.059004","0.000538","2019-07-08 13:25:54","2019-07-08 13:25:54"
"PO.QM0010","8","2017-09-12","1.059350","0.000326","2019-07-08 13:25:54","2019-07-08 13:25:54"
"PO.QM0010","8","2017-09-13","1.060495","0.001081","2019-07-08 13:25:54","2019-07-08 13:25:54"
"PO.QM0010","8","2017-09-14","1.061262","0.000723","2019-07-08 13:25:54","2019-07-08 13:25:54"
"PO.QM0010","8","2017-09-15","1.060581","-0.000642","2019-07-08 13:25:54","2019-07-08 13:25:54"
"PO.QM0010","8","2017-09-16","1.060581","0.000000","2019-07-08 13:25:54","2019-07-08 13:25:54"
"PO.QM0010","8","2017-09-17","1.060581","0.000000","2019-07-08 13:25:54","2019-07-08 13:25:54"
"PO.QM0010","8","2017-09-18","1.062446","0.001758","2019-07-08 13:25:54","2019-07-08 13:25:54"
"PO.QM0010","8","2017-09-19","1.063069","0.000586","2019-07-08 13:25:54","2019-07-08 13:25:54"
"PO.QM0010","8","2017-09-20","1.064847","0.001673","2019-07-08 13:25:54","2019-07-08 13:25:54"
"PO.QM0010","8","2017-09-21","1.064039","-0.000759","2019-07-08 13:25:54","2019-07-08 13:25:54"
"PO.QM0010","8","2017-09-22","1.065249","0.001137","2019-07-08 13:25:54","2019-07-08 13:25:54"
"PO.QM0010","8","2017-09-23","1.065249","0.000000","2019-07-08 13:25:54","2019-07-08 13:25:54"
"PO.QM0010","8","2017-09-24","1.065249","0.000000","2019-07-08 13:25:54","2019-07-08 13:25:54"
"PO.QM0010","8","2017-09-25","1.065623","0.000352","2019-07-08 13:25:54","2019-07-08 13:25:54"
"PO.QM0010","8","2017-09-26","1.064881","-0.000697","2019-07-08 13:25:54","2019-07-08 13:25:54"
"PO.QM0010","8","2017-09-27","1.065081","0.000188","2019-07-08 13:25:54","2019-07-08 13:25:54"
"PO.QM0010","8","2017-09-28","1.066689","0.001510","2019-07-08 13:25:54","2019-07-08 13:25:54"
"PO.QM0010","8","2017-09-29","1.068639","0.001828","2019-07-08 13:25:54","2019-07-08 13:25:54"
"PO.QM0010","8","2017-09-30","1.068639","0.000000","2019-07-08 13:25:54","2019-07-08 13:25:54"
"PO.QM0010","8","2017-10-01","1.068639","0.000000","2019-07-08 13:25:54","2019-07-08 13:25:54"
"PO.QM0010","8","2017-10-02","1.068639","0.000000","2019-07-08 13:25:54","2019-07-08 13:25:54"
"PO.QM0010","8","2017-10-03","1.068639","0.000000","2019-07-08 13:25:54","2019-07-08 13:25:54"
"PO.QM0010","8","2017-10-04","1.068639","0.000000","2019-07-08 13:25:54","2019-07-08 13:25:54"
"PO.QM0010","8","2017-10-05","1.068639","0.000000","2019-07-08 13:25:54","2019-07-08 13:25:54"
"PO.QM0010","8","2017-10-06","1.068639","0.000000","2019-07-08 13:25:54","2019-07-08 13:25:54"
"PO.QM0010","8","2017-10-07","1.068639","0.000000","2019-07-08 13:25:54","2019-07-08 13:25:54"
"PO.QM0010","8","2017-10-08","1.068639","0.000000","2019-07-08 13:25:54","2019-07-08 13:25:54"
"PO.QM0010","8","2017-10-09","1.073378","0.004434","2019-07-08 13:25:54","2019-07-08 13:25:54"
"PO.QM0010","8","2017-10-10","1.074632","0.001168","2019-07-08 13:25:54","2019-07-08 13:25:54"
"PO.QM0010","8","2017-10-11","1.076672","0.001899","2019-07-08 13:25:54","2019-07-08 13:25:54"
"PO.QM0010","8","2017-10-12","1.077437","0.000710","2019-07-08 13:25:54","2019-07-08 13:25:54"
"PO.QM0010","8","2017-10-13","1.077754","0.000295","2019-07-08 13:25:54","2019-07-08 13:25:54"
"PO.QM0010","8","2017-10-14","1.077754","0.000000","2019-07-08 13:25:54","2019-07-08 13:25:54"
"PO.QM0010","8","2017-10-15","1.077754","0.000000","2019-07-08 13:25:54","2019-07-08 13:25:54"
"PO.QM0010","8","2017-10-16","1.075811","-0.001803","2019-07-08 13:25:54","2019-07-08 13:25:54"
"PO.QM0010","8","2017-10-17","1.075539","-0.000253","2019-07-08 13:25:54","2019-07-08 13:25:54"
"PO.QM0010","8","2017-10-18","1.078099","0.002380","2019-07-08 13:25:54","2019-07-08 13:25:54"
"PO.QM0010","8","2017-10-19","1.079196","0.001018","2019-07-08 13:25:54","2019-07-08 13:25:54"
"PO.QM0010","8","2017-10-20","1.078318","-0.000813","2019-07-08 13:25:54","2019-07-08 13:25:54"
"PO.QM0010","8","2017-10-21","1.078318","0.000000","2019-07-08 13:25:54","2019-07-08 13:25:54"
"PO.QM0010","8","2017-10-22","1.078318","0.000000","2019-07-08 13:25:54","2019-07-08 13:25:54"
"PO.QM0010","8","2017-10-23","1.079446","0.001045","2019-07-08 13:25:54","2019-07-08 13:25:54"
"PO.QM0010","8","2017-10-24","1.080680","0.001143","2019-07-08 13:25:54","2019-07-08 13:25:54"
"PO.QM0010","8","2017-10-25","1.080753","0.000068","2019-07-08 13:25:54","2019-07-08 13:25:54"
"PO.QM0010","8","2017-10-26","1.081417","0.000614","2019-07-08 13:25:54","2019-07-08 13:25:54"
"PO.QM0010","8","2017-10-27","1.084525","0.002874","2019-07-08 13:25:54","2019-07-08 13:25:54"
"PO.QM0010","8","2017-10-28","1.084525","0.000000","2019-07-08 13:25:54","2019-07-08 13:25:54"
"PO.QM0010","8","2017-10-29","1.084525","0.000000","2019-07-08 13:25:54","2019-07-08 13:25:54"
"PO.QM0010","8","2017-10-30","1.081387","-0.002893","2019-07-08 13:25:54","2019-07-08 13:25:54"
"PO.QM0010","8","2017-10-31","1.080268","-0.001035","2019-07-08 13:25:54","2019-07-08 13:25:54"
"PO.QM0010","8","2017-11-01","1.079572","-0.000644","2019-07-08 13:25:54","2019-07-08 13:25:54"
"PO.QM0010","8","2017-11-02","1.078497","-0.000996","2019-07-08 13:25:54","2019-07-08 13:25:54"
"PO.QM0010","8","2017-11-03","1.078112","-0.000357","2019-07-08 13:25:54","2019-07-08 13:25:54"
"PO.QM0010","8","2017-11-04","1.078112","0.000000","2019-07-08 13:25:54","2019-07-08 13:25:54"
"PO.QM0010","8","2017-11-05","1.078112","0.000000","2019-07-08 13:25:54","2019-07-08 13:25:54"
"PO.QM0010","8","2017-11-06","1.082688","0.004245","2019-07-08 13:25:54","2019-07-08 13:25:54"
"PO.QM0010","8","2017-11-07","1.085325","0.002436","2019-07-08 13:25:54","2019-07-08 13:25:54"
"PO.QM0010","8","2017-11-08","1.084868","-0.000421","2019-07-08 13:25:54","2019-07-08 13:25:54"
"PO.QM0010","8","2017-11-09","1.086524","0.001526","2019-07-08 13:25:54","2019-07-08 13:25:54"
"PO.QM0010","8","2017-11-10","1.089952","0.003154","2019-07-08 13:25:54","2019-07-08 13:25:54"
"PO.QM0010","8","2017-11-11","1.089952","0.000000","2019-07-08 13:25:54","2019-07-08 13:25:54"
"PO.QM0010","8","2017-11-12","1.089952","0.000000","2019-07-08 13:25:54","2019-07-08 13:25:54"
"PO.QM0010","8","2017-11-13","1.090881","0.000852","2019-07-08 13:25:54","2019-07-08 13:25:54"
"PO.QM0010","8","2017-11-14","1.085632","-0.004811","2019-07-08 13:25:54","2019-07-08 13:25:54"
"PO.QM0010","8","2017-11-15","1.085696","0.000059","2019-07-08 13:25:54","2019-07-08 13:25:54"
"PO.QM0010","8","2017-11-16","1.089110","0.003145","2019-07-08 13:25:54","2019-07-08 13:25:54"
"PO.QM0010","8","2017-11-17","1.086837","-0.002088","2019-07-08 13:25:54","2019-07-08 13:25:54"
"PO.QM0010","8","2017-11-18","1.086837","0.000000","2019-07-08 13:25:54","2019-07-08 13:25:54"
"PO.QM0010","8","2017-11-19","1.086837","0.000000","2019-07-08 13:25:54","2019-07-08 13:25:54"
"PO.QM0010","8","2017-11-20","1.090660","0.003518","2019-07-08 13:25:54","2019-07-08 13:25:54"
"PO.QM0010","8","2017-11-21","1.093493","0.002598","2019-07-08 13:25:54","2019-07-08 13:25:54"
"PO.QM0010","8","2017-11-22","1.090144","-0.003063","2019-07-08 13:25:54","2019-07-08 13:25:54"
"PO.QM0010","8","2017-11-23","1.079712","-0.009569","2019-07-08 13:25:54","2019-07-08 13:25:54"
"PO.QM0010","8","2017-11-24","1.081836","0.001967","2019-07-08 13:25:54","2019-07-08 13:25:54"
"PO.QM0010","8","2017-11-25","1.081836","0.000000","2019-07-08 13:25:54","2019-07-08 13:25:54"
"PO.QM0010","8","2017-11-26","1.081836","0.000000","2019-07-08 13:25:54","2019-07-08 13:25:54"
"PO.QM0010","8","2017-11-27","1.077297","-0.004196","2019-07-08 13:25:54","2019-07-08 13:25:54"
"PO.QM0010","8","2017-11-28","1.078291","0.000923","2019-07-08 13:25:54","2019-07-08 13:25:54"
"PO.QM0010","8","2017-11-29","1.077175","-0.001035","2019-07-08 13:25:54","2019-07-08 13:25:54"
"PO.QM0010","8","2017-11-30","1.075427","-0.001622","2019-07-08 13:25:54","2019-07-08 13:25:54"
"PO.QM0010","8","2017-12-01","1.075332","-0.000088","2019-07-08 13:25:54","2019-07-08 13:25:54"
"PO.QM0010","8","2017-12-02","1.075332","0.000000","2019-07-08 13:25:54","2019-07-08 13:25:54"
"PO.QM0010","8","2017-12-03","1.075350","0.000017","2019-07-08 13:25:54","2019-07-08 13:25:54"
"PO.QM0010","8","2017-12-04","1.077915","0.002385","2019-07-08 13:25:54","2019-07-08 13:25:54"
"PO.QM0010","8","2017-12-05","1.078676","0.000706","2019-07-08 13:25:54","2019-07-08 13:25:54"
"PO.QM0010","8","2017-12-06","1.077618","-0.000981","2019-07-08 13:25:54","2019-07-08 13:25:54"
"PO.QM0010","8","2017-12-07","1.075046","-0.002387","2019-07-08 13:25:54","2019-07-08 13:25:54"
"PO.QM0010","8","2017-12-08","1.076941","0.001763","2019-07-08 13:25:54","2019-07-08 13:25:54"
"PO.QM0010","8","2017-12-09","1.076941","0.000000","2019-07-08 13:25:54","2019-07-08 13:25:54"
"PO.QM0010","8","2017-12-10","1.076957","0.000015","2019-07-08 13:25:54","2019-07-08 13:25:54"
"PO.QM0010","8","2017-12-11","1.082864","0.005485","2019-07-08 13:25:54","2019-07-08 13:25:54"
"PO.QM0010","8","2017-12-12","1.080229","-0.002433","2019-07-08 13:25:54","2019-07-08 13:25:54"
"PO.QM0010","8","2017-12-13","1.083287","0.002831","2019-07-08 13:25:54","2019-07-08 13:25:54"
"PO.QM0010","8","2017-12-14","1.083406","0.000110","2019-07-08 13:25:54","2019-07-08 13:25:54"
"PO.QM0010","8","2017-12-15","1.081663","-0.001609","2019-07-08 13:25:54","2019-07-08 13:25:54"
"PO.QM0010","8","2017-12-16","1.081663","0.000000","2019-07-08 13:25:54","2019-07-08 13:25:54"
"PO.QM0010","8","2017-12-17","1.081681","0.000016","2019-07-08 13:25:54","2019-07-08 13:25:54"
"PO.QM0010","8","2017-12-18","1.083176","0.001382","2019-07-08 13:25:54","2019-07-08 13:25:54"
"PO.QM0010","8","2017-12-19","1.086300","0.002884","2019-07-08 13:25:54","2019-07-08 13:25:54"
"PO.QM0010","8","2017-12-20","1.087456","0.001065","2019-07-08 13:25:54","2019-07-08 13:25:54"
"PO.QM0010","8","2017-12-21","1.089246","0.001645","2019-07-08 13:25:54","2019-07-08 13:25:54"
"PO.QM0010","8","2017-12-22","1.089923","0.000621","2019-07-08 13:25:54","2019-07-08 13:25:54"
"PO.QM0010","8","2017-12-23","1.089923","0.000000","2019-07-08 13:25:54","2019-07-08 13:25:54"
"PO.QM0010","8","2017-12-24","1.089941","0.000017","2019-07-08 13:25:54","2019-07-08 13:25:54"
"PO.QM0010","8","2017-12-25","1.089635","-0.000281","2019-07-08 13:25:54","2019-07-08 13:25:54"
"PO.QM0010","8","2017-12-26","1.089238","-0.000364","2019-07-08 13:25:54","2019-07-08 13:25:54"
"PO.QM0010","8","2017-12-27","1.084428","-0.004416","2019-07-08 13:25:54","2019-07-08 13:25:54"
"PO.QM0010","8","2017-12-28","1.087964","0.003261","2019-07-08 13:25:54","2019-07-08 13:25:54"
"PO.QM0010","8","2017-12-29","1.088689","0.000667","2019-07-08 13:25:54","2019-07-08 13:25:54"
"PO.QM0010","8","2017-12-30","1.088689","0.000000","2019-07-08 13:25:54","2019-07-08 13:25:54"
"PO.QM0010","8","2017-12-31","1.088710","0.000019","2019-07-08 13:25:54","2019-07-08 13:25:54"
"PO.QM0010","8","2018-01-01","1.088720","0.000009","2019-07-08 13:25:54","2019-07-08 13:25:54"
"PO.QM0010","8","2018-01-02","1.092291","0.003280","2019-07-08 13:25:54","2019-07-08 13:25:54"
"PO.QM0010","8","2018-01-03","1.093545","0.001149","2019-07-08 13:25:54","2019-07-08 13:25:54"
"PO.QM0010","8","2018-01-04","1.094960","0.001293","2019-07-08 13:25:54","2019-07-08 13:25:54"
"PO.QM0010","8","2018-01-05","1.095945","0.000900","2019-07-08 13:25:54","2019-07-08 13:25:54"
"PO.QM0010","8","2018-01-06","1.095945","0.000000","2019-07-08 13:25:54","2019-07-08 13:25:54"
"PO.QM0010","8","2018-01-07","1.095961","0.000014","2019-07-08 13:25:54","2019-07-08 13:25:54"
"PO.QM0010","8","2018-01-08","1.095962","0.000001","2019-07-08 13:25:54","2019-07-08 13:25:54"
"PO.QM0010","8","2018-01-09","1.099686","0.003398","2019-07-08 13:25:54","2019-07-08 13:25:54"
"PO.QM0010","8","2018-01-10","1.100862","0.001069","2019-07-08 13:25:54","2019-07-08 13:25:54"
"PO.QM0010","8","2018-01-11","1.099911","-0.000863","2019-07-08 13:25:54","2019-07-08 13:25:54"
"PO.QM0010","8","2018-01-12","1.102021","0.001918","2019-07-08 13:25:54","2019-07-08 13:25:54"
"PO.QM0010","8","2018-01-13","1.102021","0.000000","2019-07-08 13:25:54","2019-07-08 13:25:54"
"PO.QM0010","8","2018-01-14","1.102037","0.000014","2019-07-08 13:25:54","2019-07-08 13:25:54"
"PO.QM0010","8","2018-01-15","1.102618","0.000528","2019-07-08 13:25:54","2019-07-08 13:25:54"
"PO.QM0010","8","2018-01-16","1.104392","0.001609","2019-07-08 13:25:54","2019-07-08 13:25:54"
"PO.QM0010","8","2018-01-17","1.101595","-0.002532","2019-07-08 13:25:54","2019-07-08 13:25:54"
"PO.QM0010","8","2018-01-18","1.103837","0.002035","2019-07-08 13:25:54","2019-07-08 13:25:54"
"PO.QM0010","8","2018-01-19","1.102614","-0.001108","2019-07-08 13:25:54","2019-07-08 13:25:54"
"PO.QM0010","8","2018-01-20","1.102614","0.000000","2019-07-08 13:25:54","2019-07-08 13:25:54"
"PO.QM0010","8","2018-01-21","1.102632","0.000016","2019-07-08 13:25:54","2019-07-08 13:25:54"
"PO.QM0010","8","2018-01-22","1.108533","0.005352","2019-07-08 13:25:54","2019-07-08 13:25:54"
"PO.QM0010","8","2018-01-23","1.112030","0.003155","2019-07-08 13:25:54","2019-07-08 13:25:54"
"PO.QM0010","8","2018-01-24","1.110753","-0.001148","2019-07-08 13:25:54","2019-07-08 13:25:54"
"PO.QM0010","8","2018-01-25","1.109087","-0.001501","2019-07-08 13:25:54","2019-07-08 13:25:54"
"PO.QM0010","8","2018-01-26","1.110126","0.000938","2019-07-08 13:25:54","2019-07-08 13:25:54"
"PO.QM0010","8","2018-01-27","1.110126","0.000000","2019-07-08 13:25:54","2019-07-08 13:25:54"
"PO.QM0010","8","2018-01-28","1.110145","0.000016","2019-07-08 13:25:54","2019-07-08 13:25:54"
"PO.QM0010","8","2018-01-29","1.104035","-0.005504","2019-07-08 13:25:54","2019-07-08 13:25:54"
"PO.QM0010","8","2018-01-30","1.102273","-0.001596","2019-07-08 13:25:54","2019-07-08 13:25:54"
"PO.QM0010","8","2018-01-31","1.106988","0.004277","2019-07-08 13:25:54","2019-07-08 13:25:54"
"PO.QM0010","8","2018-02-01","1.105700","-0.001164","2019-07-08 13:25:54","2019-07-08 13:25:54"
"PO.QM0010","8","2018-02-02","1.105501","-0.000180","2019-07-08 13:25:54","2019-07-08 13:25:54"
"PO.QM0010","8","2018-02-03","1.105501","0.000000","2019-07-08 13:25:54","2019-07-08 13:25:54"
"PO.QM0010","8","2018-02-04","1.105516","0.000014","2019-07-08 13:25:54","2019-07-08 13:25:54"
"PO.QM0010","8","2018-02-05","1.103646","-0.001691","2019-07-08 13:25:54","2019-07-08 13:25:54"
"PO.QM0010","8","2018-02-06","1.098142","-0.004987","2019-07-08 13:25:54","2019-07-08 13:25:54"
"PO.QM0010","8","2018-02-07","1.087965","-0.009268","2019-07-08 13:25:54","2019-07-08 13:25:54"
"PO.QM0010","8","2018-02-08","1.088679","0.000657","2019-07-08 13:25:54","2019-07-08 13:25:54"
"PO.QM0010","8","2018-02-09","1.080999","-0.007054","2019-07-08 13:25:54","2019-07-08 13:25:54"
"PO.QM0010","8","2018-02-10","1.080999","0.000000","2019-07-08 13:25:54","2019-07-08 13:25:54"
"PO.QM0010","8","2018-02-11","1.081014","0.000014","2019-07-08 13:25:54","2019-07-08 13:25:54"
"PO.QM0010","8","2018-02-12","1.087307","0.005821","2019-07-08 13:25:54","2019-07-08 13:25:54"
"PO.QM0010","8","2018-02-13","1.091317","0.003688","2019-07-08 13:25:54","2019-07-08 13:25:54"
"PO.QM0010","8","2018-02-14","1.093926","0.002391","2019-07-08 13:25:54","2019-07-08 13:25:54"
"PO.QM0010","8","2018-02-15","1.093926","0.000000","2019-07-08 13:25:54","2019-07-08 13:25:54"
"PO.QM0010","8","2018-02-16","1.093926","0.000000","2019-07-08 13:25:54","2019-07-08 13:25:54"
"PO.QM0010","8","2018-02-17","1.093926","0.000000","2019-07-08 13:25:54","2019-07-08 13:25:54"
"PO.QM0010","8","2018-02-18","1.093926","0.000000","2019-07-08 13:25:54","2019-07-08 13:25:54"
"PO.QM0010","8","2018-02-19","1.093926","0.000000","2019-07-08 13:25:54","2019-07-08 13:25:54"
"PO.QM0010","8","2018-02-20","1.093926","0.000000","2019-07-08 13:25:54","2019-07-08 13:25:54"
"PO.QM0010","8","2018-02-21","1.093983","0.000052","2019-07-08 13:25:54","2019-07-08 13:25:54"
"PO.QM0010","8","2018-02-22","1.100695","0.006136","2019-07-08 13:25:54","2019-07-08 13:25:54"
"PO.QM0010","8","2018-02-23","1.100312","-0.000348","2019-07-08 13:25:54","2019-07-08 13:25:54"
"PO.QM0010","8","2018-02-24","1.100312","0.000000","2019-07-08 13:25:54","2019-07-08 13:25:54"
"PO.QM0010","8","2018-02-25","1.100328","0.000015","2019-07-08 13:25:54","2019-07-08 13:25:54"
"PO.QM0010","8","2018-02-26","1.103510","0.002891","2019-07-08 13:25:54","2019-07-08 13:25:54"
"PO.QM0010","8","2018-02-27","1.099828","-0.003337","2019-07-08 13:25:54","2019-07-08 13:25:54"
"PO.QM0010","8","2018-02-28","1.097397","-0.002210","2019-07-08 13:25:54","2019-07-08 13:25:54"
"PO.QM0010","8","2018-03-01","1.100512","0.002839","2019-07-08 13:25:54","2019-07-08 13:25:54"
"PO.QM0010","8","2018-03-02","1.098482","-0.001844","2019-07-08 13:25:54","2019-07-08 13:25:54"
"PO.QM0010","8","2018-03-03","1.098482","0.000000","2019-07-08 13:25:54","2019-07-08 13:25:54"
"PO.QM0010","8","2018-03-04","1.098497","0.000014","2019-07-08 13:25:54","2019-07-08 13:25:54"
"PO.QM0010","8","2018-03-05","1.098166","-0.000301","2019-07-08 13:25:54","2019-07-08 13:25:54"
"PO.QM0010","8","2018-03-06","1.101150","0.002717","2019-07-08 13:25:54","2019-07-08 13:25:54"
"PO.QM0010","8","2018-03-07","1.100266","-0.000803","2019-07-08 13:25:54","2019-07-08 13:25:54"
"PO.QM0010","8","2018-03-08","1.104525","0.003871","2019-07-08 13:25:54","2019-07-08 13:25:54"
"PO.QM0010","8","2018-03-09","1.106875","0.002127","2019-07-08 13:25:54","2019-07-08 13:25:54"
"PO.QM0010","8","2018-03-10","1.106875","0.000000","2019-07-08 13:25:54","2019-07-08 13:25:54"
"PO.QM0010","8","2018-03-11","1.106890","0.000014","2019-07-08 13:25:54","2019-07-08 13:25:54"
"PO.QM0010","8","2018-03-12","1.107332","0.000399","2019-07-08 13:25:54","2019-07-08 13:25:54"
"PO.QM0010","8","2018-03-13","1.104227","-0.002804","2019-07-08 13:25:54","2019-07-08 13:25:54"
"PO.QM0010","8","2018-03-14","1.103289","-0.000849","2019-07-08 13:25:54","2019-07-08 13:25:54"
"PO.QM0010","8","2018-03-15","1.104548","0.001142","2019-07-08 13:25:54","2019-07-08 13:25:54"
"PO.QM0010","8","2018-03-16","1.103226","-0.001197","2019-07-08 13:25:54","2019-07-08 13:25:54"
"PO.QM0010","8","2018-03-17","1.103226","0.000000","2019-07-08 13:25:54","2019-07-08 13:25:54"
"PO.QM0010","8","2018-03-18","1.103226","0.000000","2019-07-08 13:25:54","2019-07-08 13:25:54"
"PO.QM0010","8","2018-03-19","1.105473","0.002036","2019-07-08 13:25:54","2019-07-08 13:25:54"
"PO.QM0010","8","2018-03-20","1.106895","0.001286","2019-07-08 13:25:54","2019-07-08 13:25:54"
"PO.QM0010","8","2018-03-21","1.105481","-0.001277","2019-07-08 13:25:54","2019-07-08 13:25:54"
"PO.QM0010","8","2018-03-22","1.103865","-0.001462","2019-07-08 13:25:54","2019-07-08 13:25:54"
"PO.QM0010","8","2018-03-23","1.101910","-0.001771","2019-07-08 13:25:54","2019-07-08 13:25:54"
"PO.QM0010","8","2018-03-24","1.101910","0.000000","2019-07-08 13:25:54","2019-07-08 13:25:54"
"PO.QM0010","8","2018-03-25","1.101910","0.000000","2019-07-08 13:25:54","2019-07-08 13:25:54"
"PO.QM0010","8","2018-03-26","1.103515","0.001457","2019-07-08 13:25:54","2019-07-08 13:25:54"
"PO.QM0010","8","2018-03-27","1.104787","0.001153","2019-07-08 13:25:54","2019-07-08 13:25:54"
"PO.QM0010","8","2018-03-28","1.102140","-0.002396","2019-07-08 13:25:54","2019-07-08 13:25:54"
"PO.QM0010","8","2018-03-29","1.104299","0.001959","2019-07-08 13:25:54","2019-07-08 13:25:54"
"PO.QM0010","8","2018-03-30","1.106119","0.001648","2019-07-08 13:25:54","2019-07-08 13:25:54"
"PO.QM0010","8","2018-03-31","1.106287","0.000152","2019-07-08 13:25:54","2019-09-29 21:22:20"
"PO.QM0010","8","2018-04-01","1.106287","0.000000","2019-07-08 13:25:54","2019-09-29 21:22:20"
"PO.QM0010","8","2018-04-02","1.105493","-0.000718","2019-07-08 13:25:54","2019-09-29 21:22:20"
"PO.QM0010","8","2018-04-03","1.105631","0.000125","2019-07-08 13:25:54","2019-07-08 13:25:54"
"PO.QM0010","8","2018-04-04","1.106567","0.000847","2019-07-08 13:25:54","2019-07-08 13:25:54"
"PO.QM0010","8","2018-04-05","1.106567","0.000000","2019-07-08 13:25:54","2019-07-08 13:25:54"
"PO.QM0010","8","2018-04-06","1.106567","0.000000","2019-07-08 13:25:54","2019-07-08 13:25:54"
"PO.QM0010","8","2018-04-07","1.106567","0.000000","2019-07-08 13:25:54","2019-07-08 13:25:54"
"PO.QM0010","8","2018-04-08","1.106567","0.000000","2019-07-08 13:25:54","2019-07-08 13:25:54"
"PO.QM0010","8","2018-04-09","1.107992","0.001288","2019-07-08 13:25:54","2019-07-08 13:25:54"
"PO.QM0010","8","2018-04-10","1.111176","0.002874","2019-07-08 13:25:54","2019-07-08 13:25:54"
"PO.QM0010","8","2018-04-11","1.112195","0.000917","2019-07-08 13:25:54","2019-07-08 13:25:54"
"PO.QM0010","8","2018-04-12","1.111127","-0.000960","2019-07-08 13:25:54","2019-07-08 13:25:54"
"PO.QM0010","8","2018-04-13","1.109478","-0.001484","2019-07-08 13:25:54","2019-07-08 13:25:54"
"PO.QM0010","8","2018-04-14","1.109478","0.000000","2019-07-08 13:25:54","2019-07-08 13:25:54"
"PO.QM0010","8","2018-04-15","1.109478","0.000000","2019-07-08 13:25:54","2019-07-08 13:25:54"
"PO.QM0010","8","2018-04-16","1.107968","-0.001361","2019-07-08 13:25:54","2019-07-08 13:25:54"
"PO.QM0010","8","2018-04-17","1.105414","-0.002305","2019-07-08 13:25:54","2019-07-08 13:25:54"
"PO.QM0010","8","2018-04-18","1.110934","0.004993","2019-07-08 13:25:54","2019-07-08 13:25:54"
"PO.QM0010","8","2018-04-19","1.113076","0.001928","2019-07-08 13:25:54","2019-07-08 13:25:54"
"PO.QM0010","8","2018-04-20","1.110925","-0.001932","2019-07-08 13:25:54","2019-07-08 13:25:54"
"PO.QM0010","8","2018-04-21","1.110925","0.000000","2019-07-08 13:25:54","2019-07-08 13:25:54"
"PO.QM0010","8","2018-04-22","1.110925","0.000000","2019-07-08 13:25:54","2019-07-08 13:25:54"
"PO.QM0010","8","2018-04-23","1.110539","-0.000347","2019-07-08 13:25:54","2019-07-08 13:25:54"
"PO.QM0010","8","2018-04-24","1.114212","0.003307","2019-07-08 13:25:54","2019-07-08 13:25:54"
"PO.QM0010","8","2018-04-25","1.114407","0.000175","2019-07-08 13:25:54","2019-07-08 13:25:54"
"PO.QM0010","8","2018-04-26","1.110174","-0.003799","2019-07-08 13:25:54","2019-07-08 13:25:54"
"PO.QM0010","8","2018-04-27","1.109279","-0.000806","2019-07-08 13:25:54","2019-07-08 13:25:54"
"PO.QM0010","8","2018-04-28","1.109279","0.000000","2019-07-08 13:25:54","2019-07-08 13:25:54"
"PO.QM0010","8","2018-04-29","1.109279","0.000000","2019-07-08 13:25:54","2019-07-08 13:25:54"
"PO.QM0010","8","2018-04-30","1.109279","0.000000","2019-07-08 13:25:54","2019-07-08 13:25:54"
"PO.QM0010","8","2018-05-01","1.109279","0.000000","2019-07-08 13:25:54","2019-07-08 13:25:54"
"PO.QM0010","8","2018-05-02","1.109155","-0.000112","2019-07-08 13:25:54","2019-07-08 13:25:54"
"PO.QM0010","8","2018-05-03","1.110613","0.001315","2019-07-08 13:25:54","2019-07-08 13:25:54"
"PO.QM0010","8","2018-05-04","1.110432","-0.000163","2019-07-08 13:25:54","2019-07-08 13:25:54"
"PO.QM0010","8","2018-05-05","1.110432","0.000000","2019-07-08 13:25:54","2019-07-08 13:25:54"
"PO.QM0010","8","2018-05-06","1.110432","0.000000","2019-07-08 13:25:54","2019-07-08 13:25:54"
"PO.QM0010","8","2018-05-07","1.116048","0.005057","2019-07-08 13:25:54","2019-07-08 13:25:54"
"PO.QM0010","8","2018-05-08","1.117350","0.001167","2019-07-08 13:25:54","2019-07-08 13:25:54"
"PO.QM0010","8","2018-05-09","1.116484","-0.000775","2019-07-08 13:25:54","2019-07-08 13:25:54"
"PO.QM0010","8","2018-05-10","1.118045","0.001398","2019-07-08 13:25:54","2019-07-08 13:25:54"
"PO.QM0010","8","2018-05-11","1.116652","-0.001246","2019-07-08 13:25:54","2019-07-08 13:25:54"
"PO.QM0010","8","2018-05-12","1.116652","0.000000","2019-07-08 13:25:54","2019-07-08 13:25:54"
"PO.QM0010","8","2018-05-13","1.116652","0.000000","2019-07-08 13:25:54","2019-07-08 13:25:54"
"PO.QM0010","8","2018-05-14","1.118620","0.001762","2019-07-08 13:25:54","2019-07-08 13:25:54"
"PO.QM0010","8","2018-05-15","1.119619","0.000893","2019-07-08 13:25:54","2019-07-08 13:25:54"
"PO.QM0010","8","2018-05-16","1.118605","-0.000905","2019-07-08 13:25:54","2019-07-08 13:25:54"
"PO.QM0010","8","2018-05-17","1.117008","-0.001428","2019-07-08 13:25:54","2019-07-08 13:25:54"
"PO.QM0010","8","2018-05-18","1.118440","0.001282","2019-07-08 13:25:54","2019-07-08 13:25:54"
"PO.QM0010","8","2018-05-19","1.118440","0.000000","2019-07-08 13:25:54","2019-07-08 13:25:54"
"PO.QM0010","8","2018-05-20","1.118440","0.000000","2019-07-08 13:25:54","2019-07-08 13:25:54"
"PO.QM0010","8","2018-05-21","1.119639","0.001072","2019-07-08 13:25:54","2019-07-08 13:25:54"
"PO.QM0010","8","2018-05-22","1.120590","0.000849","2019-07-08 13:25:54","2019-07-08 13:25:54"
"PO.QM0010","8","2018-05-23","1.119162","-0.001274","2019-07-08 13:25:54","2019-07-08 13:25:54"
"PO.QM0010","8","2018-05-24","1.118988","-0.000156","2019-07-08 13:25:54","2019-07-08 13:25:54"
"PO.QM0010","8","2018-05-25","1.120241","0.001120","2019-07-08 13:25:54","2019-07-08 13:25:54"
"PO.QM0010","8","2018-05-26","1.120241","0.000000","2019-07-08 13:25:54","2019-07-08 13:25:54"
"PO.QM0010","8","2018-05-27","1.120241","0.000000","2019-07-08 13:25:54","2019-07-08 13:25:54"
"PO.QM0010","8","2018-05-28","1.122121","0.001678","2019-07-08 13:25:54","2019-07-08 13:25:54"
"PO.QM0010","8","2018-05-29","1.120273","-0.001647","2019-07-08 13:25:54","2019-07-08 13:25:54"
"PO.QM0010","8","2018-05-30","1.119429","-0.000754","2019-07-08 13:25:54","2019-07-08 13:25:54"
"PO.QM0010","8","2018-05-31","1.122863","0.003068","2019-07-08 13:25:54","2019-07-08 13:25:54"
"PO.QM0010","8","2018-06-01","1.120348","-0.002240","2019-07-08 13:25:54","2019-07-08 13:25:54"
"PO.QM0010","8","2018-06-02","1.120348","0.000000","2019-07-08 13:25:54","2019-07-08 13:25:54"
"PO.QM0010","8","2018-06-03","1.120348","0.000000","2019-07-08 13:25:54","2019-07-08 13:25:54"
"PO.QM0010","8","2018-06-04","1.121339","0.000885","2019-07-08 13:25:54","2019-07-08 13:25:54"
"PO.QM0010","8","2018-06-05","1.123440","0.001874","2019-07-08 13:25:54","2019-07-08 13:25:54"
"PO.QM0010","8","2018-06-06","1.124434","0.000885","2019-07-08 13:25:54","2019-07-08 13:25:54"
"PO.QM0010","8","2018-06-07","1.123088","-0.001197","2019-07-08 13:25:54","2019-07-08 13:25:54"
"PO.QM0010","8","2018-06-08","1.122503","-0.000521","2019-07-08 13:25:54","2019-07-08 13:25:54"
"PO.QM0010","8","2018-06-09","1.122503","0.000000","2019-07-08 13:25:54","2019-07-08 13:25:54"
"PO.QM0010","8","2018-06-10","1.122503","0.000000","2019-07-08 13:25:54","2019-07-08 13:25:54"
"PO.QM0010","8","2018-06-11","1.120874","-0.001451","2019-07-08 13:25:54","2019-07-08 13:25:54"
"PO.QM0010","8","2018-06-12","1.121597","0.000645","2019-07-08 13:25:54","2019-07-08 13:25:54"
"PO.QM0010","8","2018-06-13","1.120523","-0.000958","2019-07-08 13:25:54","2019-07-08 13:25:54"
"PO.QM0010","8","2018-06-14","1.120043","-0.000429","2019-07-08 13:25:54","2019-07-08 13:25:54"
"PO.QM0010","8","2018-06-15","1.119334","-0.000633","2019-07-08 13:25:54","2019-07-08 13:25:54"
"PO.QM0010","8","2018-06-16","1.119334","0.000000","2019-07-08 13:25:54","2019-07-08 13:25:54"
"PO.QM0010","8","2018-06-17","1.119334","0.000000","2019-07-08 13:25:54","2019-07-08 13:25:54"
"PO.QM0010","8","2018-06-18","1.119334","0.000000","2019-07-08 13:25:54","2019-07-08 13:25:54"
"PO.QM0010","8","2018-06-19","1.116514","-0.002519","2019-07-08 13:25:54","2019-07-08 13:25:54"
"PO.QM0010","8","2018-06-20","1.118277","0.001579","2019-07-08 13:25:54","2019-07-08 13:25:54"
"PO.QM0010","8","2018-06-21","1.117324","-0.000852","2019-07-08 13:25:54","2019-07-08 13:25:54"
"PO.QM0010","8","2018-06-22","1.119266","0.001738","2019-07-08 13:25:54","2019-07-08 13:25:54"
"PO.QM0010","8","2018-06-23","1.119266","0.000000","2019-07-08 13:25:54","2019-07-08 13:25:54"
"PO.QM0010","8","2018-06-24","1.119266","0.000000","2019-07-08 13:25:54","2019-07-08 13:25:54"
"PO.QM0010","8","2018-06-25","1.118290","-0.000872","2019-07-08 13:25:54","2019-07-08 13:25:54"
"PO.QM0010","8","2018-06-26","1.119519","0.001099","2019-07-08 13:25:54","2019-07-08 13:25:54"
"PO.QM0010","8","2018-06-27","1.117691","-0.001632","2019-07-08 13:25:54","2019-07-08 13:25:54"
"PO.QM0010","8","2018-06-28","1.117080","-0.000547","2019-07-08 13:25:54","2019-07-08 13:25:54"
"PO.QM0010","8","2018-06-29","1.121742","0.004173","2019-07-08 13:25:54","2019-07-08 13:25:54"
"PO.QM0010","8","2018-06-30","1.121761","0.000017","2019-07-08 13:25:54","2019-07-08 13:25:54"
"PO.QM0010","8","2018-07-01","1.121761","0.000000","2019-07-08 13:25:54","2019-07-08 13:25:54"
"PO.QM0010","8","2018-07-02","1.121853","0.000082","2019-07-08 13:25:54","2019-07-08 13:25:54"
"PO.QM0010","8","2018-07-03","1.122716","0.000769","2019-07-08 13:25:54","2019-07-08 13:25:54"
"PO.QM0010","8","2018-07-04","1.121818","-0.000800","2019-07-08 13:25:54","2019-07-08 13:25:54"
"PO.QM0010","8","2018-07-05","1.121769","-0.000044","2019-07-08 13:25:54","2019-07-08 13:25:54"
"PO.QM0010","8","2018-07-06","1.122697","0.000828","2019-07-08 13:25:54","2019-07-08 13:25:54"
"PO.QM0010","8","2018-07-07","1.122697","0.000000","2019-07-08 13:25:54","2019-07-08 13:25:54"
"PO.QM0010","8","2018-07-08","1.122697","0.000000","2019-07-08 13:25:54","2019-07-08 13:25:54"
"PO.QM0010","8","2018-07-09","1.125558","0.002548","2019-07-08 13:25:54","2019-07-08 13:25:54"
"PO.QM0010","8","2018-07-10","1.126399","0.000747","2019-07-08 13:25:54","2019-07-08 13:25:54"
"PO.QM0010","8","2018-07-11","1.125146","-0.001112","2019-07-08 13:25:54","2019-07-08 13:25:54"
"PO.QM0010","8","2018-07-12","1.127763","0.002326","2019-07-08 13:25:54","2019-07-08 13:25:54"
"PO.QM0010","8","2018-07-13","1.128477","0.000632","2019-07-08 13:25:54","2019-07-08 13:25:54"
"PO.QM0010","8","2018-07-14","1.128477","0.000000","2019-07-08 13:25:54","2019-07-08 13:25:54"
"PO.QM0010","8","2018-07-15","1.128477","0.000000","2019-07-08 13:25:54","2019-07-08 13:25:54"
"PO.QM0010","8","2018-07-16","1.129611","0.001006","2019-07-08 13:25:54","2019-07-08 13:25:54"
"PO.QM0010","8","2018-07-17","1.129726","0.000101","2019-07-08 13:25:54","2019-07-08 13:25:54"
"PO.QM0010","8","2018-07-18","1.129560","-0.000147","2019-07-08 13:25:54","2019-07-08 13:25:54"
"PO.QM0010","8","2018-07-19","1.130207","0.000573","2019-07-08 13:25:54","2019-07-08 13:25:54"
"PO.QM0010","8","2018-07-20","1.132515","0.002042","2019-07-08 13:25:54","2019-07-08 13:25:54"
"PO.QM0010","8","2018-07-21","1.132515","0.000000","2019-07-08 13:25:54","2019-07-08 13:25:54"
"PO.QM0010","8","2018-07-22","1.132515","0.000000","2019-07-08 13:25:54","2019-07-08 13:25:54"
"PO.QM0010","8","2018-07-23","1.133446","0.000822","2019-07-08 13:25:54","2019-07-08 13:25:54"
"PO.QM0010","8","2018-07-24","1.135352","0.001681","2019-07-08 13:25:54","2019-07-08 13:25:54"
"PO.QM0010","8","2018-07-25","1.136050","0.000615","2019-07-08 13:25:54","2019-07-08 13:25:54"
"PO.QM0010","8","2018-07-26","1.135553","-0.000438","2019-07-08 13:25:54","2019-07-08 13:25:54"
"PO.QM0010","8","2018-07-27","1.136346","0.000699","2019-07-08 13:25:54","2019-07-08 13:25:54"
"PO.QM0010","8","2018-07-28","1.136346","0.000000","2019-07-08 13:25:54","2019-07-08 13:25:54"
"PO.QM0010","8","2018-07-29","1.136346","0.000000","2019-07-08 13:25:54","2019-07-08 13:25:54"
"PO.QM0010","8","2018-07-30","1.136111","-0.000207","2019-07-08 13:25:54","2019-07-08 13:25:54"
"PO.QM0010","8","2018-07-31","1.137412","0.001145","2019-07-08 13:25:54","2019-07-08 13:25:54"
"PO.QM0010","8","2018-08-01","1.136558","-0.000750","2019-07-08 13:25:54","2019-07-08 13:25:54"
"PO.QM0010","8","2018-08-02","1.137223","0.000585","2019-07-08 13:25:54","2019-07-08 13:25:54"
"PO.QM0010","8","2018-08-03","1.135955","-0.001116","2019-07-08 13:25:54","2019-07-08 13:25:54"
"PO.QM0010","8","2018-08-04","1.135955","0.000000","2019-07-08 13:25:54","2019-07-08 13:25:54"
"PO.QM0010","8","2018-08-05","1.135955","0.000000","2019-07-08 13:25:54","2019-07-08 13:25:54"
"PO.QM0010","8","2018-08-06","1.135371","-0.000514","2019-07-08 13:25:54","2019-07-08 13:25:54"
"PO.QM0010","8","2018-08-07","1.138721","0.002950","2019-07-08 13:25:54","2019-07-08 13:25:54"
"PO.QM0010","8","2018-08-08","1.137217","-0.001321","2019-07-08 13:25:54","2019-07-08 13:25:54"
"PO.QM0010","8","2018-08-09","1.139092","0.001649","2019-07-08 13:25:54","2019-07-08 13:25:54"
"PO.QM0010","8","2018-08-10","1.138452","-0.000562","2019-07-08 13:25:54","2019-07-08 13:25:54"
"PO.QM0010","8","2018-08-11","1.138452","0.000000","2019-07-08 13:25:54","2019-07-08 13:25:54"
"PO.QM0010","8","2018-08-12","1.138452","0.000000","2019-07-08 13:25:54","2019-07-08 13:25:54"
"PO.QM0010","8","2018-08-13","1.137693","-0.000666","2019-07-08 13:25:54","2019-07-08 13:25:54"
"PO.QM0010","8","2018-08-14","1.136636","-0.000930","2019-07-08 13:25:54","2019-07-08 13:25:54"
"PO.QM0010","8","2018-08-15","1.134977","-0.001460","2019-07-08 13:25:54","2019-07-08 13:25:54"
"PO.QM0010","8","2018-08-16","1.134077","-0.000793","2019-07-08 13:25:54","2019-07-08 13:25:54"
"PO.QM0010","8","2018-08-17","1.131148","-0.002583","2019-07-08 13:25:54","2019-07-08 13:25:54"
"PO.QM0010","8","2018-08-18","1.131148","0.000000","2019-07-08 13:25:54","2019-07-08 13:25:54"
"PO.QM0010","8","2018-08-19","1.131148","0.000000","2019-07-08 13:25:54","2019-07-08 13:25:54"
"PO.QM0010","8","2018-08-20","1.130971","-0.000156","2019-07-08 13:25:54","2019-07-08 13:25:54"
"PO.QM0010","8","2018-08-21","1.133248","0.002012","2019-07-08 13:25:54","2019-07-08 13:25:54"
"PO.QM0010","8","2018-08-22","1.132790","-0.000404","2019-07-08 13:25:54","2019-07-08 13:25:54"
"PO.QM0010","8","2018-08-23","1.134295","0.001329","2019-07-08 13:25:54","2019-07-08 13:25:54"
"PO.QM0010","8","2018-08-24","1.135156","0.000759","2019-07-08 13:25:54","2019-07-08 13:25:54"
"PO.QM0010","8","2018-08-25","1.135156","0.000000","2019-07-08 13:25:54","2019-07-08 13:25:54"
"PO.QM0010","8","2018-08-26","1.135156","0.000000","2019-07-08 13:25:54","2019-07-08 13:25:54"
"PO.QM0010","8","2018-08-27","1.138032","0.002534","2019-07-08 13:25:54","2019-07-08 13:25:54"
"PO.QM0010","8","2018-08-28","1.138062","0.000027","2019-07-08 13:25:54","2019-07-08 13:25:54"
"PO.QM0010","8","2018-08-29","1.137749","-0.000275","2019-07-08 13:25:54","2019-07-08 13:25:54"
"PO.QM0010","8","2018-08-30","1.136879","-0.000765","2019-07-08 13:25:54","2019-07-08 13:25:54"
"PO.QM0010","8","2018-08-31","1.136173","-0.000621","2019-07-08 13:25:54","2019-07-08 13:25:54"
"PO.QM0010","8","2018-09-01","1.136173","0.000000","2019-07-08 13:25:54","2019-07-08 13:25:54"
"PO.QM0010","8","2018-09-02","1.136173","0.000000","2019-07-08 13:25:54","2019-07-08 13:25:54"
"PO.QM0010","8","2018-09-03","1.136286","0.000099","2019-07-08 13:25:54","2019-07-08 13:25:54"
"PO.QM0010","8","2018-09-04","1.138036","0.001540","2019-07-08 13:25:54","2019-07-08 13:25:54"
"PO.QM0010","8","2018-09-05","1.136741","-0.001138","2019-07-08 13:25:54","2019-07-08 13:25:54"
"PO.QM0010","8","2018-09-06","1.135682","-0.000931","2019-07-08 13:25:54","2019-07-08 13:25:54"
"PO.QM0010","8","2018-09-07","1.135746","0.000056","2019-07-08 13:25:54","2019-07-08 13:25:54"
"PO.QM0010","8","2018-09-08","1.135746","0.000000","2019-07-08 13:25:54","2019-07-08 13:25:54"
"PO.QM0010","8","2018-09-09","1.135746","0.000000","2019-07-08 13:25:54","2019-07-08 13:25:54"
"PO.QM0010","8","2018-09-10","1.134079","-0.001468","2019-07-08 13:25:54","2019-07-08 13:25:54"
"PO.QM0010","8","2018-09-11","1.134359","0.000247","2019-07-08 13:25:54","2019-07-08 13:25:54"
"PO.QM0010","8","2018-09-12","1.133246","-0.000981","2019-07-08 13:25:54","2019-07-08 13:25:54"
"PO.QM0010","8","2018-09-13","1.133546","0.000265","2019-07-08 13:25:54","2019-07-08 13:25:54"
"PO.QM0010","8","2018-09-14","1.132957","-0.000520","2019-07-08 13:25:54","2019-07-08 13:25:54"
"PO.QM0010","8","2018-09-15","1.132957","0.000000","2019-07-08 13:25:54","2019-07-08 13:25:54"
"PO.QM0010","8","2018-09-16","1.132957","0.000000","2019-07-08 13:25:54","2019-07-08 13:25:54"
"PO.QM0010","8","2018-09-17","1.132622","-0.000296","2019-07-08 13:25:54","2019-07-08 13:25:54"
"PO.QM0010","8","2018-09-18","1.134439","0.001604","2019-07-08 13:25:54","2019-07-08 13:25:54"
"PO.QM0010","8","2018-09-19","1.135819","0.001217","2019-07-08 13:25:54","2019-07-08 13:25:54"
"PO.QM0010","8","2018-09-20","1.135421","-0.000351","2019-07-08 13:25:54","2019-07-08 13:25:54"
"PO.QM0010","8","2018-09-21","1.138058","0.002323","2019-07-08 13:25:54","2019-07-08 13:25:54"
"PO.QM0010","8","2018-09-22","1.138058","0.000000","2019-07-08 13:25:54","2019-07-08 13:25:54"
"PO.QM0010","8","2018-09-23","1.138058","0.000000","2019-07-08 13:25:54","2019-07-08 13:25:54"
"PO.QM0010","8","2018-09-24","1.138058","0.000000","2019-07-08 13:25:54","2019-07-08 13:25:54"
"PO.QM0010","8","2018-09-25","1.138195","0.000120","2019-07-08 13:25:54","2019-07-08 13:25:54"
"PO.QM0010","8","2018-09-26","1.139663","0.001290","2019-07-08 13:25:54","2019-07-08 13:25:54"
"PO.QM0010","8","2018-09-27","1.139584","-0.000069","2019-07-08 13:25:54","2019-07-08 13:25:54"
"PO.QM0010","8","2018-09-28","1.141079","0.001311","2019-07-08 13:25:54","2019-07-08 13:25:54"
"PO.QM0010","8","2018-09-29","1.141079","0.000000","2019-07-08 13:25:54","2019-07-08 13:25:54"
"PO.QM0010","8","2018-09-30","1.141173","0.000083","2019-07-08 13:25:54","2019-09-29 21:22:20"
"PO.QM0010","8","2018-10-01","1.141173","0.000000","2019-07-08 13:25:54","2019-09-29 21:22:20"
"PO.QM0010","8","2018-10-02","1.141173","0.000000","2019-07-08 13:25:54","2019-09-29 21:22:20"
"PO.QM0010","8","2018-10-03","1.141173","0.000000","2019-07-08 13:25:54","2019-09-29 21:22:20"
"PO.QM0010","8","2018-10-04","1.141173","0.000000","2019-07-08 13:25:54","2019-09-29 21:22:20"
"PO.QM0010","8","2018-10-05","1.141173","0.000000","2019-07-08 13:25:54","2019-09-29 21:22:20"
"PO.QM0010","8","2018-10-06","1.141173","0.000000","2019-07-08 13:25:54","2019-09-29 21:22:20"
"PO.QM0010","8","2018-10-07","1.141173","0.000000","2019-07-08 13:25:54","2019-09-29 21:22:20"
"PO.QM0010","8","2018-10-08","1.138388","-0.002441","2019-07-08 13:25:54","2019-09-29 21:22:20"
"PO.QM0010","8","2018-10-09","1.138602","0.000188","2019-07-08 13:25:54","2019-07-08 13:25:54"
"PO.QM0010","8","2018-10-10","1.138914","0.000274","2019-07-08 13:25:54","2019-07-08 13:25:54"
"PO.QM0010","8","2018-10-11","1.135493","-0.003004","2019-07-08 13:25:54","2019-07-08 13:25:54"
"PO.QM0010","8","2018-10-12","1.137169","0.001477","2019-07-08 13:25:54","2019-07-08 13:25:54"
"PO.QM0010","8","2018-10-13","1.137169","0.000000","2019-07-08 13:25:54","2019-07-08 13:25:54"
"PO.QM0010","8","2018-10-14","1.137169","0.000000","2019-07-08 13:25:54","2019-07-08 13:25:54"
"PO.QM0010","8","2018-10-15","1.136642","-0.000463","2019-07-08 13:25:54","2019-07-08 13:25:54"
"PO.QM0010","8","2018-10-16","1.135758","-0.000778","2019-07-08 13:25:54","2019-07-08 13:25:54"
"PO.QM0010","8","2018-10-17","1.136408","0.000572","2019-07-08 13:25:54","2019-07-08 13:25:54"
"PO.QM0010","8","2018-10-18","1.134877","-0.001347","2019-07-08 13:25:54","2019-07-08 13:25:54"
"PO.QM0010","8","2018-10-19","1.137644","0.002438","2019-07-08 13:25:54","2019-07-08 13:25:54"
"PO.QM0010","8","2018-10-20","1.137644","0.000000","2019-07-08 13:25:54","2019-07-08 13:25:54"
"PO.QM0010","8","2018-10-21","1.137644","0.000000","2019-07-08 13:25:54","2019-07-08 13:25:54"
"PO.QM0010","8","2018-10-22","1.142095","0.003912","2019-07-08 13:25:54","2019-07-08 13:25:54"
"PO.QM0010","8","2018-10-23","1.139867","-0.001951","2019-07-08 13:25:54","2019-07-08 13:25:54"
"PO.QM0010","8","2018-10-24","1.139231","-0.000557","2019-07-08 13:25:54","2019-07-08 13:25:54"
"PO.QM0010","8","2018-10-25","1.139276","0.000039","2019-07-08 13:25:54","2019-07-08 13:25:54"
"PO.QM0010","8","2018-10-26","1.138556","-0.000632","2019-07-08 13:25:54","2019-07-08 13:25:54"
"PO.QM0010","8","2018-10-27","1.138556","0.000000","2019-07-08 13:25:54","2019-07-08 13:25:54"
"PO.QM0010","8","2018-10-28","1.138556","0.000000","2019-07-08 13:25:54","2019-07-08 13:25:54"
"PO.QM0010","8","2018-10-29","1.137024","-0.001346","2019-07-08 13:25:54","2019-07-08 13:25:54"
"PO.QM0010","8","2018-10-30","1.138628","0.001411","2019-07-08 13:25:54","2019-07-08 13:25:54"
"PO.QM0010","8","2018-10-31","1.140252","0.001426","2019-07-08 13:25:54","2019-07-08 13:25:54"
"PO.QM0010","8","2018-11-01","1.141831","0.001384","2019-07-08 13:25:54","2019-07-08 13:25:54"
"PO.QM0010","8","2018-11-02","1.145284","0.003024","2019-07-08 13:25:54","2019-07-08 13:25:54"
"PO.QM0010","8","2018-11-03","1.145284","0.000000","2019-07-08 13:25:54","2019-07-08 13:25:54"
"PO.QM0010","8","2018-11-04","1.145284","0.000000","2019-07-08 13:25:54","2019-07-08 13:25:54"
"PO.QM0010","8","2018-11-05","1.144799","-0.000424","2019-07-08 13:25:54","2019-07-08 13:25:54"
"PO.QM0010","8","2018-11-06","1.144812","0.000012","2019-07-08 13:25:54","2019-07-08 13:25:54"
"PO.QM0010","8","2018-11-07","1.145223","0.000359","2019-07-08 13:25:54","2019-07-08 13:25:54"
"PO.QM0010","8","2018-11-08","1.144901","-0.000282","2019-07-08 13:25:54","2019-07-08 13:25:54"
"PO.QM0010","8","2018-11-09","1.144728","-0.000151","2019-07-08 13:25:54","2019-07-08 13:25:54"
"PO.QM0010","8","2018-11-10","1.144728","0.000000","2019-07-08 13:25:54","2019-07-08 13:25:54"
"PO.QM0010","8","2018-11-11","1.144728","0.000000","2019-07-08 13:25:54","2019-07-08 13:25:54"
"PO.QM0010","8","2018-11-12","1.146619","0.001651","2019-07-08 13:25:54","2019-07-08 13:25:54"
"PO.QM0010","8","2018-11-13","1.147790","0.001022","2019-07-08 13:25:54","2019-07-08 13:25:54"
"PO.QM0010","8","2018-11-14","1.148611","0.000715","2019-07-08 13:25:54","2019-07-08 13:25:54"
"PO.QM0010","8","2018-11-15","1.150133","0.001325","2019-07-08 13:25:54","2019-07-08 13:25:54"
"PO.QM0010","8","2018-11-16","1.151353","0.001061","2019-07-08 13:25:54","2019-07-08 13:25:54"
"PO.QM0010","8","2018-11-17","1.151353","0.000000","2019-07-08 13:25:54","2019-07-08 13:25:54"
"PO.QM0010","8","2018-11-18","1.151353","0.000000","2019-07-08 13:25:54","2019-07-08 13:25:54"
"PO.QM0010","8","2018-11-19","1.152514","0.001008","2019-07-08 13:25:54","2019-07-08 13:25:54"
"PO.QM0010","8","2018-11-20","1.150691","-0.001582","2019-07-08 13:25:54","2019-07-08 13:25:54"
"PO.QM0010","8","2018-11-21","1.151346","0.000569","2019-07-08 13:25:54","2019-07-08 13:25:54"
"PO.QM0010","8","2018-11-22","1.151251","-0.000083","2019-07-08 13:25:54","2019-07-08 13:25:54"
"PO.QM0010","8","2018-11-23","1.149156","-0.001819","2019-07-08 13:25:54","2019-07-08 13:25:54"
"PO.QM0010","8","2018-11-24","1.149156","0.000000","2019-07-08 13:25:54","2019-07-08 13:25:54"
"PO.QM0010","8","2018-11-25","1.149156","0.000000","2019-07-08 13:25:54","2019-07-08 13:25:54"
"PO.QM0010","8","2018-11-26","1.149025","-0.000114","2019-07-08 13:25:54","2019-07-08 13:25:54"
"PO.QM0010","8","2018-11-27","1.148891","-0.000117","2019-07-08 13:25:54","2019-07-08 13:25:54"
"PO.QM0010","8","2018-11-28","1.150163","0.001107","2019-07-08 13:25:54","2019-07-08 13:25:54"
"PO.QM0010","8","2018-11-29","1.149523","-0.000556","2019-07-08 13:25:54","2019-07-08 13:25:54"
"PO.QM0010","8","2018-11-30","1.150515","0.000862","2019-07-08 13:25:54","2019-07-08 13:25:54"
"PO.QM0010","8","2018-12-01","1.150515","0.000000","2019-07-08 13:25:54","2019-07-08 13:25:54"
"PO.QM0010","8","2018-12-02","1.150515","0.000000","2019-07-08 13:25:54","2019-07-08 13:25:54"
"PO.QM0010","8","2018-12-03","1.153262","0.002388","2019-07-08 13:25:54","2019-07-08 13:25:54"
"PO.QM0010","8","2018-12-04","1.154364","0.000955","2019-07-08 13:25:54","2019-07-08 13:25:54"
"PO.QM0010","8","2018-12-05","1.155033","0.000580","2019-07-08 13:25:54","2019-07-08 13:25:54"
"PO.QM0010","8","2018-12-06","1.152674","-0.002042","2019-07-08 13:25:54","2019-07-08 13:25:54"
"PO.QM0010","8","2018-12-07","1.152040","-0.000550","2019-07-08 13:25:54","2019-07-08 13:25:54"
"PO.QM0010","8","2018-12-08","1.152040","0.000000","2019-07-08 13:25:54","2019-07-08 13:25:54"
"PO.QM0010","8","2018-12-09","1.152040","0.000000","2019-07-08 13:25:54","2019-07-08 13:25:54"
"PO.QM0010","8","2018-12-10","1.151708","-0.000288","2019-07-08 13:25:54","2019-07-08 13:25:54"
"PO.QM0010","8","2018-12-11","1.152507","0.000694","2019-07-08 13:25:54","2019-07-08 13:25:54"
"PO.QM0010","8","2018-12-12","1.152813","0.000266","2019-07-08 13:25:54","2019-07-08 13:25:54"
"PO.QM0010","8","2018-12-13","1.153291","0.000414","2019-07-08 13:25:54","2019-07-08 13:25:54"
"PO.QM0010","8","2018-12-14","1.151046","-0.001947","2019-07-08 13:25:54","2019-07-08 13:25:54"
"PO.QM0010","8","2018-12-15","1.151046","0.000000","2019-07-08 13:25:54","2019-07-08 13:25:54"
"PO.QM0010","8","2018-12-16","1.151046","0.000000","2019-07-08 13:25:54","2019-07-08 13:25:54"
"PO.QM0010","8","2018-12-17","1.149606","-0.001251","2019-07-08 13:25:54","2019-07-08 13:25:54"
"PO.QM0010","8","2018-12-18","1.147717","-0.001643","2019-07-08 13:25:54","2019-07-08 13:25:54"
"PO.QM0010","8","2018-12-19","1.147051","-0.000580","2019-07-08 13:25:54","2019-07-08 13:25:54"
"PO.QM0010","8","2018-12-20","1.147850","0.000697","2019-07-08 13:25:54","2019-07-08 13:25:54"
"PO.QM0010","8","2018-12-21","1.147458","-0.000341","2019-07-08 13:25:54","2019-07-08 13:25:54"
"PO.QM0010","8","2018-12-22","1.147458","0.000000","2019-07-08 13:25:54","2019-07-08 13:25:54"
"PO.QM0010","8","2018-12-23","1.147458","0.000000","2019-07-08 13:25:54","2019-07-08 13:25:54"
"PO.QM0010","8","2018-12-24","1.148707","0.001088","2019-07-08 13:25:54","2019-07-08 13:25:54"
"PO.QM0010","8","2018-12-25","1.148783","0.000066","2019-07-08 13:25:54","2019-07-08 13:25:54"
"PO.QM0010","8","2018-12-26","1.148391","-0.000341","2019-07-08 13:25:54","2019-07-08 13:25:54"
"PO.QM0010","8","2018-12-27","1.148206","-0.000161","2019-07-08 13:25:54","2019-07-08 13:25:54"
"PO.QM0010","8","2018-12-28","1.149722","0.001320","2019-07-08 13:25:54","2019-07-08 13:25:54"
"PO.QM0010","8","2018-12-29","1.149722","0.000000","2019-07-08 13:25:54","2019-07-08 13:25:54"
"PO.QM0010","8","2018-12-30","1.149722","0.000000","2019-07-08 13:25:54","2019-07-08 13:25:54"
"PO.QM0010","8","2018-12-31","1.150283","0.000488","2019-07-08 13:25:54","2019-07-08 13:25:54"
"PO.QM0010","8","2019-01-01","1.150283","0.000000","2019-07-08 13:25:54","2019-07-08 13:25:54"
"PO.QM0010","8","2019-01-02","1.150805","0.000454","2019-07-08 13:25:54","2019-07-08 13:25:54"
"PO.QM0010","8","2019-01-03","1.151236","0.000374","2019-07-08 13:25:54","2019-07-08 13:25:54"
"PO.QM0010","8","2019-01-04","1.153381","0.001863","2019-07-08 13:25:54","2019-07-08 13:25:54"
"PO.QM0010","8","2019-01-05","1.153381","0.000000","2019-07-08 13:25:54","2019-07-08 13:25:54"
"PO.QM0010","8","2019-01-06","1.153381","0.000000","2019-07-08 13:25:54","2019-07-08 13:25:54"
"PO.QM0010","8","2019-01-07","1.155546","0.001878","2019-07-08 13:25:54","2019-07-08 13:25:54"
"PO.QM0010","8","2019-01-08","1.156632","0.000940","2019-07-08 13:25:54","2019-07-08 13:25:54"
"PO.QM0010","8","2019-01-09","1.157131","0.000431","2019-07-08 13:25:54","2019-07-08 13:25:54"
"PO.QM0010","8","2019-01-10","1.157419","0.000249","2019-07-08 13:25:54","2019-07-08 13:25:54"
"PO.QM0010","8","2019-01-11","1.157727","0.000266","2019-07-08 13:25:54","2019-07-08 13:25:54"
"PO.QM0010","8","2019-01-12","1.157727","0.000000","2019-07-08 13:25:54","2019-07-08 13:25:54"
"PO.QM0010","8","2019-01-13","1.157727","0.000000","2019-07-08 13:25:54","2019-07-08 13:25:54"
"PO.QM0010","8","2019-01-14","1.157158","-0.000492","2019-07-08 13:25:54","2019-07-08 13:25:54"
"PO.QM0010","8","2019-01-15","1.157692","0.000461","2019-07-08 13:25:54","2019-07-08 13:25:54"
"PO.QM0010","8","2019-01-16","1.159270","0.001363","2019-07-08 13:25:54","2019-07-08 13:25:54"
"PO.QM0010","8","2019-01-17","1.159151","-0.000103","2019-07-08 13:25:54","2019-07-08 13:25:54"
"PO.QM0010","8","2019-01-18","1.160229","0.000930","2019-07-08 13:25:54","2019-07-08 13:25:54"
"PO.QM0010","8","2019-01-19","1.160229","0.000000","2019-07-08 13:25:54","2019-07-08 13:25:54"
"PO.QM0010","8","2019-01-20","1.160229","0.000000","2019-07-08 13:25:54","2019-07-08 13:25:54"
"PO.QM0010","8","2019-01-21","1.160672","0.000382","2019-07-08 13:25:54","2019-07-08 13:25:54"
"PO.QM0010","8","2019-01-22","1.159839","-0.000718","2019-07-08 13:25:54","2019-07-08 13:25:54"
"PO.QM0010","8","2019-01-23","1.160283","0.000383","2019-07-08 13:25:54","2019-07-08 13:25:54"
"PO.QM0010","8","2019-01-24","1.160179","-0.000090","2019-07-08 13:25:54","2019-07-08 13:25:54"
"PO.QM0010","8","2019-01-25","1.160385","0.000178","2019-07-08 13:25:54","2019-07-08 13:25:54"
"PO.QM0010","8","2019-01-26","1.160385","0.000000","2019-07-08 13:25:54","2019-07-08 13:25:54"
"PO.QM0010","8","2019-01-27","1.160385","0.000000","2019-07-08 13:25:54","2019-07-08 13:25:54"
"PO.QM0010","8","2019-01-28","1.160285","-0.000085","2019-07-08 13:25:54","2019-07-08 13:25:54"
"PO.QM0010","8","2019-01-29","1.160309","0.000020","2019-07-08 13:25:54","2019-07-08 13:25:54"
"PO.QM0010","8","2019-01-30","1.160574","0.000229","2019-07-08 13:25:54","2019-07-08 13:25:54"
"PO.QM0010","8","2019-01-31","1.161144","0.000491","2019-07-08 13:25:54","2019-07-08 13:25:54"
"PO.QM0010","8","2019-02-01","1.162680","0.001323","2019-07-08 13:25:54","2019-07-08 13:25:54"
"PO.QM0010","8","2019-02-02","1.162680","0.000000","2019-07-08 13:25:54","2019-07-08 13:25:54"
"PO.QM0010","8","2019-02-03","1.162680","0.000000","2019-07-08 13:25:54","2019-07-08 13:25:54"
"PO.QM0010","8","2019-02-04","1.162680","0.000000","2019-07-08 13:25:54","2019-07-08 13:25:54"
"PO.QM0010","8","2019-02-05","1.162680","0.000000","2019-07-08 13:25:54","2019-07-08 13:25:54"
"PO.QM0010","8","2019-02-06","1.162680","0.000000","2019-07-08 13:25:54","2019-07-08 13:25:54"
"PO.QM0010","8","2019-02-07","1.162680","0.000000","2019-07-08 13:25:54","2019-07-08 13:25:54"
"PO.QM0010","8","2019-02-08","1.162680","0.000000","2019-07-08 13:25:54","2019-07-08 13:25:54"
"PO.QM0010","8","2019-02-09","1.162680","0.000000","2019-07-08 13:25:54","2019-07-08 13:25:54"
"PO.QM0010","8","2019-02-10","1.162680","0.000000","2019-07-08 13:25:54","2019-07-08 13:25:54"
"PO.QM0010","8","2019-02-11","1.165274","0.002231","2019-07-08 13:25:54","2019-07-08 13:25:54"
"PO.QM0010","8","2019-02-12","1.166576","0.001118","2019-07-08 13:25:54","2019-07-08 13:25:54"
"PO.QM0010","8","2019-02-13","1.167719","0.000980","2019-07-08 13:25:54","2019-07-08 13:25:54"
"PO.QM0010","8","2019-02-14","1.168311","0.000506","2019-07-08 13:25:54","2019-07-08 13:25:54"
"PO.QM0010","8","2019-02-15","1.167511","-0.000685","2019-07-08 13:25:54","2019-07-08 13:25:54"
"PO.QM0010","8","2019-02-16","1.167511","0.000000","2019-07-08 13:25:54","2019-07-08 13:25:54"
"PO.QM0010","8","2019-02-17","1.167511","0.000000","2019-07-08 13:25:54","2019-07-08 13:25:54"
"PO.QM0010","8","2019-02-18","1.170113","0.002229","2019-07-08 13:25:54","2019-07-08 13:25:54"
"PO.QM0010","8","2019-02-19","1.169856","-0.000219","2019-07-08 13:25:54","2019-07-08 13:25:54"
"PO.QM0010","8","2019-02-20","1.169804","-0.000045","2019-07-08 13:25:54","2019-07-08 13:25:54"
"PO.QM0010","8","2019-02-21","1.169935","0.000112","2019-07-08 13:25:54","2019-07-08 13:25:54"
"PO.QM0010","8","2019-02-22","1.171299","0.001166","2019-07-08 13:25:54","2019-07-08 13:25:54"
"PO.QM0010","8","2019-02-23","1.171299","0.000000","2019-07-08 13:25:54","2019-07-08 13:25:54"
"PO.QM0010","8","2019-02-24","1.171299","0.000000","2019-07-08 13:25:54","2019-07-08 13:25:54"
"PO.QM0010","8","2019-02-25","1.174264","0.002531","2019-07-08 13:25:54","2019-07-08 13:25:54"
"PO.QM0010","8","2019-02-26","1.172510","-0.001494","2019-07-08 13:25:54","2019-07-08 13:25:54"
"PO.QM0010","8","2019-02-27","1.171640","-0.000742","2019-07-08 13:25:54","2019-07-08 13:25:54"
"PO.QM0010","8","2019-02-28","1.172241","0.000513","2019-07-08 13:25:54","2019-07-08 13:25:54"
"PO.QM0010","8","2019-03-01","1.172097","-0.000123","2019-07-08 13:25:54","2019-07-08 13:25:54"
"PO.QM0010","8","2019-03-02","1.172097","0.000000","2019-07-08 13:25:54","2019-07-08 13:25:54"
"PO.QM0010","8","2019-03-03","1.172097","0.000000","2019-07-08 13:25:54","2019-07-08 13:25:54"
"PO.QM0010","8","2019-03-04","1.173104","0.000859","2019-07-08 13:25:54","2019-07-08 13:25:54"
"PO.QM0010","8","2019-03-05","1.173694","0.000503","2019-07-08 13:25:54","2019-07-08 13:25:54"
"PO.QM0010","8","2019-03-06","1.173891","0.000168","2019-07-08 13:25:54","2019-07-08 13:25:54"
"PO.QM0010","8","2019-03-07","1.174420","0.000451","2019-07-08 13:25:54","2019-07-08 13:25:54"
"PO.QM0010","8","2019-03-08","1.174118","-0.000257","2019-07-08 13:25:54","2019-07-08 13:25:54"
"PO.QM0010","8","2019-03-09","1.174118","0.000000","2019-07-08 13:25:54","2019-07-08 13:25:54"
"PO.QM0010","8","2019-03-10","1.174118","0.000000","2019-07-08 13:25:54","2019-07-08 13:25:54"
"PO.QM0010","8","2019-03-11","1.177368","0.002768","2019-07-08 13:25:54","2019-07-08 13:25:54"
"PO.QM0010","8","2019-03-12","1.178606","0.001051","2019-07-08 13:25:54","2019-07-08 13:25:54"
"PO.QM0010","8","2019-03-13","1.177575","-0.000875","2019-07-08 13:25:54","2019-07-08 13:25:54"
"PO.QM0010","8","2019-03-14","1.177163","-0.000350","2019-07-08 13:25:54","2019-07-08 13:25:54"
"PO.QM0010","8","2019-03-15","1.177295","0.000112","2019-07-08 13:25:54","2019-07-08 13:25:54"
"PO.QM0010","8","2019-03-16","1.177295","0.000000","2019-07-08 13:25:54","2019-07-08 13:25:54"
"PO.QM0010","8","2019-03-17","1.177295","0.000000","2019-07-08 13:25:54","2019-07-08 13:25:54"
"PO.QM0010","8","2019-03-18","1.178815","0.001291","2019-07-08 13:25:54","2019-07-08 13:25:54"
"PO.QM0010","8","2019-03-19","1.178865","0.000043","2019-07-08 13:25:54","2019-07-08 13:25:54"
"PO.QM0010","8","2019-03-20","1.178484","-0.000324","2019-07-08 13:25:54","2019-07-08 13:25:54"
"PO.QM0010","8","2019-03-21","1.178841","0.000303","2019-07-08 13:25:54","2019-07-08 13:25:54"
"PO.QM0010","8","2019-03-22","1.179196","0.000301","2019-07-08 13:25:54","2019-07-08 13:25:54"
"PO.QM0010","8","2019-03-23","1.179196","0.000000","2019-07-08 13:25:54","2019-07-08 13:25:54"
"PO.QM0010","8","2019-03-24","1.179196","0.000000","2019-07-08 13:25:54","2019-07-08 13:25:54"
"PO.QM0010","8","2019-03-25","1.179690","0.000419","2019-07-08 13:25:54","2019-07-08 13:25:54"
"PO.QM0010","8","2019-03-26","1.178912","-0.000660","2019-07-08 13:25:54","2019-07-08 13:25:54"
"PO.QM0010","8","2019-03-27","1.179949","0.000880","2019-07-08 13:25:54","2019-07-08 13:25:54"
"PO.QM0010","8","2019-03-28","1.179807","-0.000121","2019-07-08 13:25:54","2019-07-08 13:25:54"
"PO.QM0010","8","2019-03-29","1.181644","0.001557","2019-07-08 13:25:54","2019-07-08 13:25:54"
"PO.QM0010","8","2019-03-30","1.181644","0.000000","2019-07-08 13:25:54","2019-07-08 13:25:54"
"PO.QM0010","8","2019-03-31","1.181801","0.000133","2019-07-08 13:25:54","2019-09-29 21:22:20"
"PO.QM0010","8","2019-04-01","1.183128","0.001123","2019-07-08 13:25:54","2019-09-29 21:22:20"
"PO.QM0010","8","2019-04-02","1.182461","-0.000564","2019-07-08 13:25:54","2019-07-08 13:25:54"
"PO.QM0010","8","2019-04-03","1.182784","0.000273","2019-07-08 13:25:54","2019-07-08 13:25:54"
"PO.QM0010","8","2019-04-04","1.182332","-0.000382","2019-07-08 13:25:54","2019-07-08 13:25:54"
"PO.QM0010","8","2019-04-05","1.182332","0.000000","2019-07-08 13:25:54","2019-07-08 13:25:54"
"PO.QM0010","8","2019-04-06","1.182332","0.000000","2019-07-08 13:25:54","2019-07-08 13:25:54"
"PO.QM0010","8","2019-04-07","1.182332","0.000000","2019-07-08 13:25:54","2019-07-08 13:25:54"
"PO.QM0010","8","2019-04-08","1.181734","-0.000506","2019-07-08 13:25:54","2019-07-08 13:25:54"
"PO.QM0010","8","2019-04-09","1.181444","-0.000246","2019-07-08 13:25:54","2019-07-08 13:25:54"
"PO.QM0010","8","2019-04-10","1.180938","-0.000428","2019-07-08 13:25:54","2019-07-08 13:25:54"
"PO.QM0010","8","2019-04-11","1.180111","-0.000700","2019-07-08 13:25:54","2019-07-08 13:25:54"
"PO.QM0010","8","2019-04-12","1.180425","0.000265","2019-07-08 13:25:54","2019-07-08 13:25:54"
"PO.QM0010","8","2019-04-13","1.180425","0.000000","2019-07-08 13:25:54","2019-07-08 13:25:54"
"PO.QM0010","8","2019-04-14","1.180425","0.000000","2019-07-08 13:25:54","2019-07-08 13:25:54"
"PO.QM0010","8","2019-04-15","1.178935","-0.001262","2019-07-08 13:25:54","2019-07-08 13:25:54"
"PO.QM0010","8","2019-04-16","1.178723","-0.000180","2019-07-08 13:25:54","2019-07-08 13:25:54"
"PO.QM0010","8","2019-04-17","1.178448","-0.000233","2019-07-08 13:25:54","2019-07-08 13:25:54"
"PO.QM0010","8","2019-04-18","1.178544","0.000081","2019-07-08 13:25:54","2019-07-08 13:25:54"
"PO.QM0010","8","2019-04-19","1.179412","0.000737","2019-07-08 13:25:54","2019-07-08 13:25:54"
"PO.QM0010","8","2019-04-20","1.179412","0.000000","2019-07-08 13:25:54","2019-07-08 13:25:54"
"PO.QM0010","8","2019-04-21","1.179412","0.000000","2019-07-08 13:25:54","2019-07-08 13:25:54"
"PO.QM0010","8","2019-04-22","1.179005","-0.000345","2019-07-08 13:25:54","2019-07-08 13:25:54"
"PO.QM0010","8","2019-04-23","1.178526","-0.000407","2019-07-08 13:25:54","2019-07-08 13:25:54"
"PO.QM0010","8","2019-04-24","1.178734","0.000177","2019-07-08 13:25:54","2019-07-08 13:25:54"
"PO.QM0010","8","2019-04-25","1.177945","-0.000670","2019-07-08 13:25:54","2019-07-08 13:25:54"
"PO.QM0010","8","2019-04-26","1.177678","-0.000227","2019-07-08 13:25:54","2019-07-08 13:25:54"
"PO.QM0010","8","2019-04-27","1.177678","0.000000","2019-07-08 13:25:54","2019-07-08 13:25:54"
"PO.QM0010","8","2019-04-28","1.177678","0.000000","2019-07-08 13:25:54","2019-07-08 13:25:54"
"PO.QM0010","8","2019-04-29","1.177734","0.000048","2019-07-08 13:25:54","2019-07-08 13:25:54"
"PO.QM0010","8","2019-04-30","1.177918","0.000157","2019-07-08 13:25:54","2019-07-08 13:25:54"
"PO.QM0010","8","2019-05-01","1.177918","0.000000","2019-07-08 13:25:54","2019-07-08 13:25:54"
"PO.QM0010","8","2019-05-02","1.177918","0.000000","2019-07-08 13:25:54","2019-07-08 13:25:54"
"PO.QM0010","8","2019-05-03","1.177918","0.000000","2019-07-08 13:25:54","2019-07-08 13:25:54"
"PO.QM0010","8","2019-05-04","1.177918","0.000000","2019-07-08 13:25:54","2019-07-08 13:25:54"
"PO.QM0010","8","2019-05-05","1.177918","0.000000","2019-07-08 13:25:54","2019-07-08 13:25:54"
"PO.QM0010","8","2019-05-06","1.176883","-0.000879","2019-07-08 13:25:54","2019-07-08 13:25:54"
"PO.QM0010","8","2019-05-07","1.177887","0.000853","2019-07-08 13:25:54","2019-07-08 13:25:54"
"PO.QM0010","8","2019-05-08","1.178421","0.000454","2019-07-08 13:25:54","2019-07-08 13:25:54"
"PO.QM0010","8","2019-05-09","1.178424","0.000002","2019-07-08 13:25:54","2019-07-08 13:25:54"
"PO.QM0010","8","2019-05-10","1.180620","0.001864","2019-07-08 13:25:54","2019-07-08 13:25:54"
"PO.QM0010","8","2019-05-11","1.180620","0.000000","2019-07-08 13:25:54","2019-07-08 13:25:54"
"PO.QM0010","8","2019-05-12","1.180620","0.000000","2019-07-08 13:25:54","2019-07-08 13:25:54"
"PO.QM0010","8","2019-05-13","1.181051","0.000364","2019-07-08 13:25:54","2019-07-08 13:25:54"
"PO.QM0010","8","2019-05-14","1.181161","0.000094","2019-07-08 13:25:54","2019-07-08 13:25:54"
"PO.QM0010","8","2019-05-15","1.182435","0.001078","2019-07-08 13:25:54","2019-07-08 13:25:54"
"PO.QM0010","8","2019-05-16","1.182827","0.000332","2019-07-08 13:25:54","2019-07-08 13:25:54"
"PO.QM0010","8","2019-05-17","1.181923","-0.000764","2019-07-08 13:25:54","2019-07-08 13:25:54"
"PO.QM0010","8","2019-05-18","1.181923","0.000000","2019-07-08 13:25:54","2019-07-08 13:25:54"
"PO.QM0010","8","2019-05-19","1.181923","0.000000","2019-07-08 13:25:54","2019-07-08 13:25:54"
"PO.QM0010","8","2019-05-20","1.182204","0.000238","2019-07-08 13:25:54","2019-07-08 13:25:54"
"PO.QM0010","8","2019-05-21","1.182624","0.000355","2019-07-08 13:25:54","2019-07-08 13:25:54"
"PO.QM0010","8","2019-05-22","1.182751","0.000107","2019-07-08 13:25:54","2019-07-08 13:25:54"
"PO.QM0010","8","2019-05-23","1.181821","-0.000786","2019-07-08 13:25:54","2019-07-08 13:25:54"
"PO.QM0010","8","2019-05-24","1.181582","-0.000202","2019-07-08 13:25:54","2019-07-08 13:25:54"
"PO.QM0010","8","2019-05-25","1.181582","0.000000","2019-07-08 13:25:54","2019-07-08 13:25:54"
"PO.QM0010","8","2019-05-26","1.181582","0.000000","2019-07-08 13:25:54","2019-07-08 13:25:54"
"PO.QM0010","8","2019-05-27","1.182512","0.000787","2019-07-08 13:25:54","2019-07-08 13:25:54"
"PO.QM0010","8","2019-05-28","1.182127","-0.000326","2019-07-08 13:25:54","2019-07-08 13:25:54"
"PO.QM0010","8","2019-05-29","1.182225","0.000083","2019-07-08 13:25:54","2019-07-08 13:25:54"
"PO.QM0010","8","2019-05-30","1.182057","-0.000143","2019-07-08 13:25:54","2019-07-08 13:25:54"
"PO.QM0010","8","2019-05-31","1.182310","0.000214","2019-07-08 13:25:54","2019-07-08 13:25:54"
"PO.QM0010","8","2019-06-01","1.182310","0.000000","2019-07-08 13:25:54","2019-07-08 13:25:54"
"PO.QM0010","8","2019-06-02","1.182310","0.000000","2019-07-08 13:25:54","2019-07-08 13:25:54"
"PO.QM0010","8","2019-06-03","1.182510","0.000169","2019-07-08 13:25:54","2019-07-08 13:25:54"
"PO.QM0010","8","2019-06-04","1.182210","-0.000254","2019-07-08 13:25:54","2019-07-08 13:25:54"
"PO.QM0010","8","2019-06-05","1.182477","0.000225","2019-07-08 13:25:54","2019-07-08 13:25:54"
"PO.QM0010","8","2019-06-06","1.182085","-0.000331","2019-07-08 13:25:54","2019-07-08 13:25:54"
"PO.QM0010","8","2019-06-07","1.182085","0.000000","2019-07-08 13:25:54","2019-07-08 13:25:54"
"PO.QM0010","8","2019-06-08","1.182085","0.000000","2019-07-08 13:25:54","2019-07-08 13:25:54"
"PO.QM0010","8","2019-06-09","1.182085","0.000000","2019-07-08 13:25:54","2019-07-08 13:25:54"
"PO.QM0010","8","2019-06-10","1.182496","0.000347","2019-07-08 13:25:54","2019-07-08 13:25:54"
"PO.QM0010","8","2019-06-11","1.183904","0.001191","2019-07-08 13:25:54","2019-07-08 13:25:54"
"PO.QM0010","8","2019-06-12","1.183439","-0.000393","2019-07-08 13:25:54","2019-07-08 13:25:54"
"PO.QM0010","8","2019-06-13","1.183260","-0.000151","2019-07-08 13:25:54","2019-07-08 13:25:54"
"PO.QM0010","8","2019-06-14","1.182389","-0.000736","2019-07-08 13:25:54","2019-07-08 13:25:54"
"PO.QM0010","8","2019-06-15","1.182389","0.000000","2019-07-08 13:25:54","2019-07-08 13:25:54"
"PO.QM0010","8","2019-06-16","1.182389","0.000000","2019-07-08 13:25:54","2019-07-08 13:25:54"
"PO.QM0010","8","2019-06-17","1.182933","0.000460","2019-07-08 13:25:54","2019-07-08 13:25:54"
"PO.QM0010","8","2019-06-18","1.183526","0.000502","2019-07-08 13:25:54","2019-07-08 13:25:54"
"PO.QM0010","8","2019-06-19","1.184247","0.000609","2019-07-08 13:25:54","2019-07-08 13:25:54"
"PO.QM0010","8","2019-06-20","1.185790","0.001303","2019-07-08 13:25:54","2019-07-08 13:25:54"
"PO.QM0010","8","2019-06-21","1.187299","0.001273","2019-07-08 13:25:54","2019-07-08 13:25:54"
"PO.QM0010","8","2019-06-22","1.187299","0.000000","2019-07-08 13:25:54","2019-07-08 13:25:54"
"PO.QM0010","8","2019-06-23","1.187299","0.000000","2019-07-08 13:25:54","2019-07-08 13:25:54"
"PO.QM0010","8","2019-06-24","1.187839","0.000455","2019-07-08 13:25:54","2019-07-08 13:25:54"
"PO.QM0010","8","2019-06-25","1.187573","-0.000224","2019-07-08 13:25:54","2019-07-08 13:25:54"
"PO.QM0010","8","2019-06-26","1.188103","0.000446","2019-07-08 13:25:54","2019-07-08 13:25:54"
"PO.QM0010","8","2019-06-27","1.188442","0.000286","2019-07-08 13:25:54","2019-07-08 13:25:54"
"PO.QM0010","8","2019-06-28","1.188290","-0.000128","2019-07-08 13:25:54","2019-07-08 13:25:54"
"PO.QM0010","8","2019-06-29","1.188290","0.000000","2019-07-08 13:25:54","2019-07-08 13:25:54"
"PO.QM0010","8","2019-06-30","1.188336","0.000039","2019-07-08 13:25:54","2019-07-08 13:25:54"
"PO.QM0010","8","2019-07-01","1.190723","0.002009","2019-07-08 13:25:54","2019-07-08 13:25:54"
"PO.QM0010","8","2019-07-02","1.191439","0.000601","2019-07-08 13:25:54","2019-07-08 13:25:54"
"PO.QM0010","8","2019-07-03","1.191668","0.000192","2019-07-08 13:25:54","2019-07-08 13:25:54"
"PO.QM0010","8","2019-07-04","1.191392","-0.000232","2019-07-08 13:25:54","2019-07-08 13:25:54"
"PO.QM0010","8","2019-07-05","1.191580","0.000158","2019-07-08 13:25:54","2019-07-08 13:25:54"
"PO.QM0010","8","2019-07-06","1.191580","0.000000","2019-07-08 13:25:54","2019-07-08 13:25:54"
"PO.QM0010","8","2019-07-07","1.191580","0.000000","2019-07-08 13:25:54","2019-07-08 13:25:54"
"PO.QM0010","8","2019-07-08","1.190200","-0.001159","2019-07-26 15:39:20","2019-07-26 15:39:20"
"PO.QM0010","8","2019-07-09","1.190435","0.000198","2019-07-26 15:39:20","2019-07-26 15:39:20"
"PO.QM0010","8","2019-07-10","1.190448","0.000011","2019-07-26 15:39:20","2019-07-26 15:39:20"
"PO.QM0010","8","2019-07-11","1.191004","0.000467","2019-07-26 15:39:20","2019-07-26 15:39:20"
"PO.QM0010","8","2019-07-12","1.191592","0.000494","2019-07-26 15:39:20","2019-07-26 15:39:20"
"PO.QM0010","8","2019-07-13","1.191592","0.000000","2019-07-26 15:39:20","2019-07-26 15:39:20"
"PO.QM0010","8","2019-07-14","1.191592","0.000000","2019-07-26 15:39:20","2019-07-26 15:39:20"
"PO.QM0010","8","2019-07-15","1.191610","0.000015","2019-07-26 15:39:20","2019-07-26 15:39:20"
"PO.QM0010","8","2019-07-16","1.191747","0.000115","2019-07-26 15:39:20","2019-07-26 15:39:20"
"PO.QM0010","8","2019-07-17","1.191551","-0.000164","2019-07-26 15:39:20","2019-07-26 15:39:20"
"PO.QM0010","8","2019-07-18","1.191210","-0.000286","2019-07-26 15:39:20","2019-07-26 15:39:20"
"PO.QM0010","8","2019-07-19","1.192239","0.000864","2019-07-26 15:39:20","2019-07-26 15:39:20"
"PO.QM0010","8","2019-07-20","1.192239","0.000000","2019-07-26 15:39:20","2019-07-26 15:39:20"
"PO.QM0010","8","2019-07-21","1.192239","0.000000","2019-07-26 15:39:20","2019-07-26 15:39:20"
"PO.QM0010","8","2019-07-22","1.195879","0.003054","2019-07-26 15:39:20","2019-07-26 15:39:20"
"PO.QM0010","8","2019-07-23","1.196217","0.000282","2019-07-26 15:39:20","2019-07-26 15:39:20"
"PO.QM0010","8","2019-07-24","1.197104","0.000742","2019-07-26 15:39:20","2019-07-26 15:39:20"
"PO.QM0010","8","2019-07-25","1.197483","0.000316","2019-07-26 15:39:20","2019-09-29 21:22:20"
"PO.QM0010","8","2019-07-26","1.198118","0.000530","2019-09-29 21:22:21","2019-09-29 21:22:21"
"PO.QM0010","8","2019-07-27","1.198118","0.000000","2019-09-29 21:22:21","2019-09-29 21:22:21"
"PO.QM0010","8","2019-07-28","1.198118","0.000000","2019-09-29 21:22:21","2019-09-29 21:22:21"
"PO.QM0010","8","2019-07-29","1.198368","0.000209","2019-09-29 21:22:21","2019-09-29 21:22:21"
"PO.QM0010","8","2019-07-30","1.198953","0.000489","2019-09-29 21:22:21","2019-09-29 21:22:21"
"PO.QM0010","8","2019-07-31","1.198333","-0.000517","2019-09-29 21:22:21","2019-09-29 21:22:21"
"PO.QM0010","8","2019-08-01","1.198458","0.000104","2019-09-29 21:22:21","2019-09-29 21:22:21"
"PO.QM0010","8","2019-08-02","1.198300","-0.000132","2019-09-29 21:22:21","2019-09-29 21:22:21"
"PO.QM0010","8","2019-08-03","1.198300","0.000000","2019-09-29 21:22:21","2019-09-29 21:22:21"
"PO.QM0010","8","2019-08-04","1.198300","0.000000","2019-09-29 21:22:21","2019-09-29 21:22:21"
"PO.QM0010","8","2019-08-05","1.198106","-0.000162","2019-09-29 21:22:21","2019-09-29 21:22:21"
"PO.QM0010","8","2019-08-06","1.197806","-0.000250","2019-09-29 21:22:21","2019-09-29 21:22:21"
"PO.QM0010","8","2019-08-07","1.198065","0.000216","2019-09-29 21:22:21","2019-09-29 21:22:21"
"PO.QM0010","8","2019-08-08","1.200872","0.002343","2019-09-29 21:22:21","2019-09-29 21:22:21"
"PO.QM0010","8","2019-08-09","1.200488","-0.000320","2019-09-29 21:22:21","2019-09-29 21:22:21"
"PO.QM0010","8","2019-08-10","1.200488","0.000000","2019-09-29 21:22:21","2019-09-29 21:22:21"
"PO.QM0010","8","2019-08-11","1.200488","0.000000","2019-09-29 21:22:21","2019-09-29 21:22:21"
"PO.QM0010","8","2019-08-12","1.202606","0.001765","2019-09-29 21:22:21","2019-09-29 21:22:21"
"PO.QM0010","8","2019-08-13","1.202532","-0.000062","2019-09-29 21:22:21","2019-09-29 21:22:21"
"PO.QM0010","8","2019-08-14","1.202929","0.000331","2019-09-29 21:22:21","2019-09-29 21:22:21"
"PO.QM0010","8","2019-08-15","1.203768","0.000697","2019-09-29 21:22:21","2019-09-29 21:22:21"
"PO.QM0010","8","2019-08-16","1.204082","0.000260","2019-09-29 21:22:21","2019-09-29 21:22:21"
"PO.QM0010","8","2019-08-17","1.204082","0.000000","2019-09-29 21:22:21","2019-09-29 21:22:21"
"PO.QM0010","8","2019-08-18","1.204082","0.000000","2019-09-29 21:22:21","2019-09-29 21:22:21"
"PO.QM0010","8","2019-08-19","1.205609","0.001268","2019-09-29 21:22:21","2019-09-29 21:22:21"
"PO.QM0010","8","2019-08-20","1.205760","0.000125","2019-09-29 21:22:21","2019-09-29 21:22:21"
"PO.QM0010","8","2019-08-21","1.205695","-0.000053","2019-09-29 21:22:21","2019-09-29 21:22:21"
"PO.QM0010","8","2019-08-22","1.205810","0.000095","2019-09-29 21:22:21","2019-09-29 21:22:21"
"PO.QM0010","8","2019-08-23","1.206151","0.000283","2019-09-29 21:22:21","2019-09-29 21:22:21"
"PO.QM0010","8","2019-08-24","1.206151","0.000000","2019-09-29 21:22:21","2019-09-29 21:22:21"
"PO.QM0010","8","2019-08-25","1.206151","0.000000","2019-09-29 21:22:21","2019-09-29 21:22:21"
"PO.QM0010","8","2019-08-26","1.206090","-0.000050","2019-09-29 21:22:21","2019-09-29 21:22:21"
"PO.QM0010","8","2019-08-27","1.206729","0.000530","2019-09-29 21:22:21","2019-09-29 21:22:21"
"PO.QM0010","8","2019-08-28","1.206787","0.000048","2019-09-29 21:22:21","2019-09-29 21:22:21"
"PO.QM0010","8","2019-08-29","1.206340","-0.000370","2019-09-29 21:22:21","2019-09-29 21:22:21"
"PO.QM0010","8","2019-08-30","1.206201","-0.000116","2019-09-29 21:22:21","2019-09-29 21:22:21"
"PO.QM0010","8","2019-08-31","1.206201","0.000000","2019-09-29 21:22:21","2019-09-29 21:22:21"
"PO.QM0010","8","2019-09-01","1.206201","0.000000","2019-09-29 21:22:21","2019-09-29 21:22:21"
"PO.QM0010","8","2019-09-02","1.206954","0.000625","2019-09-29 21:22:21","2019-09-29 21:22:21"
"PO.QM0010","8","2019-09-03","1.207035","0.000067","2019-09-29 21:22:21","2019-09-29 21:22:21"
"PO.QM0010","8","2019-09-04","1.207774","0.000612","2019-09-29 21:22:21","2019-09-29 21:22:21"
"PO.QM0010","8","2019-09-05","1.209003","0.001017","2019-09-29 21:22:21","2019-09-29 21:22:21"
"PO.QM0010","8","2019-09-06","1.209236","0.000193","2019-09-29 21:22:21","2019-09-29 21:22:21"
"PO.QM0010","8","2019-09-07","1.209236","0.000000","2019-09-29 21:22:21","2019-09-29 21:22:21"
"PO.QM0010","8","2019-09-08","1.209236","0.000000","2019-09-29 21:22:21","2019-09-29 21:22:21"
"PO.QM0010","8","2019-09-09","1.210402","0.000964","2019-09-29 21:22:21","2019-09-29 21:22:21"
"PO.QM0010","8","2019-09-10","1.210340","-0.000051","2019-09-29 21:22:21","2019-09-29 21:22:21"
"PO.QM0010","8","2019-09-11","1.210143","-0.000163","2019-09-29 21:22:21","2019-09-29 21:22:21"
"PO.QM0010","8","2019-09-12","1.211043","0.000744","2019-09-29 21:22:21","2019-09-29 21:22:21"
"PO.QM0010","8","2019-09-13","1.211043","0.000000","2019-09-29 21:22:21","2019-09-29 21:22:21"
"PO.QM0010","8","2019-09-14","1.211043","0.000000","2019-09-29 21:22:21","2019-09-29 21:22:21"
"PO.QM0010","8","2019-09-15","1.211043","0.000000","2019-09-29 21:22:21","2019-09-29 21:22:21"
"PO.QM0010","8","2019-09-16","1.211479","0.000359","2019-09-29 21:22:21","2019-09-29 21:22:21"
"PO.QM0010","8","2019-09-17","1.210767","-0.000588","2019-09-29 21:22:21","2019-09-29 21:22:21"
"PO.QM0010","8","2019-09-18","1.211268","0.000414","2019-09-29 21:22:21","2019-09-29 21:22:21"
"PO.QM0010","8","2019-09-19","1.211629","0.000298","2019-09-29 21:22:21","2019-09-29 21:22:21"
"PO.QM0010","8","2019-09-20","1.211761","0.000109","2019-09-29 21:22:21","2019-09-29 21:22:21"
"PO.QM0010","8","2019-09-21","1.211761","0.000000","2019-09-29 21:22:21","2019-09-29 21:22:21"
"PO.QM0010","8","2019-09-22","1.211761","0.000000","2019-09-29 21:22:21","2019-09-29 21:22:21"
"PO.QM0010","8","2019-09-23","1.211367","-0.000326","2019-09-29 21:22:21","2019-09-29 21:22:21"
"PO.QM0010","8","2019-09-24","1.211685","0.000263","2019-09-29 21:22:21","2019-09-29 21:22:21"
"PO.QM0010","8","2019-09-25","1.211579","-0.000088","2019-09-29 21:22:21","2019-09-29 21:22:21"
"PO.QM0010","8","2019-09-26","1.211333","-0.000203","2019-09-29 21:22:21","2019-09-29 21:22:21"
"PO.QM0010","8","2019-09-27","1.211613","0.000231","2019-09-29 21:22:21","2019-09-29 21:22:21"
"PO.QM0010","8","2019-09-28","1.211613","0.000000","2019-09-29 21:22:21","2019-09-29 21:22:21"
"PO.QM0010","8","2019-09-29","1.211613","0.000000","2019-10-31 12:01:52","2019-10-31 12:01:52"
"PO.QM0010","8","2019-09-30","1.212092","0.000395","2019-10-31 12:01:52","2019-10-31 12:01:52"
"PO.QM0010","8","2019-10-01","1.212092","0.000000","2019-10-31 12:01:52","2019-10-31 12:01:52"
"PO.QM0010","8","2019-10-02","1.212092","0.000000","2019-10-31 12:01:52","2019-10-31 12:01:52"
"PO.QM0010","8","2019-10-03","1.212092","0.000000","2019-10-31 12:01:52","2019-10-31 12:01:52"
"PO.QM0010","8","2019-10-04","1.212092","0.000000","2019-10-31 12:01:52","2019-10-31 12:01:52"
"PO.QM0010","8","2019-10-05","1.212092","0.000000","2019-10-31 12:01:52","2019-10-31 12:01:52"
"PO.QM0010","8","2019-10-06","1.212092","0.000000","2019-10-31 12:01:52","2019-10-31 12:01:52"
"PO.QM0010","8","2019-10-07","1.212092","0.000000","2019-10-31 12:01:52","2019-10-31 12:01:52"
"PO.QM0010","8","2019-10-08","1.213427","0.001101","2019-10-31 12:01:52","2019-10-31 12:01:52"
"PO.QM0010","8","2019-10-09","1.213844","0.000344","2019-10-31 12:01:52","2019-10-31 12:01:52"
"PO.QM0010","8","2019-10-10","1.214654","0.000668","2019-10-31 12:01:52","2019-10-31 12:01:52"
"PO.QM0010","8","2019-10-11","1.215128","0.000390","2019-10-31 12:01:52","2019-10-31 12:01:52"
"PO.QM0010","8","2019-10-12","1.215128","0.000000","2019-10-31 12:01:52","2019-10-31 12:01:52"
"PO.QM0010","8","2019-10-13","1.215128","0.000000","2019-10-31 12:01:52","2019-10-31 12:01:52"
"PO.QM0010","8","2019-10-14","1.216643","0.001247","2019-10-31 12:01:52","2019-10-31 12:01:52"
"PO.QM0010","8","2019-10-15","1.216279","-0.000299","2019-10-31 12:01:52","2019-10-31 12:01:52"
"PO.QM0010","8","2019-10-16","1.216160","-0.000098","2019-10-31 12:01:52","2019-10-31 12:01:52"
"PO.QM0010","8","2019-10-17","1.216158","-0.000001","2019-10-31 12:01:52","2019-10-31 12:01:52"
"PO.QM0010","8","2019-10-18","1.215408","-0.000616","2019-10-31 12:01:52","2019-10-31 12:01:52"
"PO.QM0010","8","2019-10-19","1.215408","0.000000","2019-10-31 12:01:52","2019-10-31 12:01:52"
"PO.QM0010","8","2019-10-20","1.215408","0.000000","2019-10-31 12:01:52","2019-10-31 12:01:52"
"PO.QM0010","8","2019-10-21","1.215094","-0.000258","2019-10-31 12:01:52","2019-10-31 12:01:52"
"PO.QM0010","8","2019-10-22","1.213005","-0.001720","2019-10-31 12:01:52","2019-10-31 12:01:52"
"PO.QM0010","8","2019-10-23","1.212175","-0.000684","2019-10-31 12:01:52","2019-10-31 12:01:52"
"PO.QM0010","8","2019-10-24","1.212002","-0.000143","2019-10-31 12:01:52","2019-10-31 12:01:52"
"PO.QM0010","8","2019-10-25","1.212678","0.000558","2019-10-31 12:01:52","2019-10-31 12:01:52"
"PO.QM0010","8","2019-10-26","1.212678","0.000000","2019-10-31 12:01:52","2019-10-31 12:01:52"
"PO.QM0010","8","2019-10-27","1.212678","0.000000","2019-10-31 12:01:52","2019-10-31 12:01:52"
"PO.QM0010","8","2019-10-28","1.213797","0.000922","2019-10-31 12:01:52","2019-10-31 12:01:52"
"PO.QM0010","8","2019-10-29","1.212895","-0.000743","2019-10-31 12:01:52","2019-10-31 12:01:52"
"PO.QM0010","8","2019-10-30","1.212230","-0.000548","2019-10-31 12:01:52","2019-10-31 12:01:52"
"PO.QM0010","8","2019-10-31","1.211412","-0.000675","2019-11-01 05:00:36","2019-11-01 05:00:36"
